timestamp,date,time,user_name,text,link,retweet_counts,favorites_counts,hashtags
2020-06-09 07:11:16+00:00,2020-06-09,07:11:16,i_ilyo,새 지급여력제도상 부동산 많을수록 준비금 더 쌓아야…부동산 가격 상승·수익성 급감 이유도 #삼성생명 #킥스 #보험사 #현대해상 #신한생명 #MG손해보험 #KB손해보험,https://twitter.com/i_ilyo/status/1270252102367862784,0,0,#MG #KB
2020-06-09 04:52:28+00:00,2020-06-09,04:52:28,neozodia,"[단독] '긴축모드' 삼성생명, 20년차 직원까지 퇴직 유도 (출처 : 조선비즈 | 네이버 뉴스) http://naver.me/G5uZTEAv",https://twitter.com/neozodia/status/1270217173714124800,0,1,
2020-06-09 04:08:02+00:00,2020-06-09,04:08:02,strong2daddy,"길어야 5년 더 다닐수 있을려나... [단독] ´긴축모드´ 삼성생명, 20년차 직원까지 퇴직 유도 http://chosun.com/tw/?id=biz*2020060801240",https://twitter.com/strong2daddy/status/1270205992937025536,7,10,
2020-06-09 01:30:59+00:00,2020-06-09,01:30:59,optinum1,"[#정보]삼성생명 보험계약대출 방법, 자격, 금리, 한도 알아보시죠. ",https://twitter.com/optinum1/status/1270166467510595587,0,0,
2020-06-08 22:51:37+00:00,2020-06-08,22:51:37,poltra02,6월 9일 (화) 집회정보입니다 □ 집회 - 13:00∼ 삼성생명 서소문사옥 앞 #poltra,https://twitter.com/poltra02/status/1270126363513479168,0,0,#poltra
2020-06-08 17:52:43+00:00,2020-06-08,17:52:43,magnifier_dd,삼성생명 저축보험 신세계 상품권 받기용 가입하셨던분 계시나요 슬슬 받을때가 되었는데 이게 지류로 오는지 어케오는지 ...,https://twitter.com/magnifier_dd/status/1270051141187862528,0,0,
2020-06-08 15:39:41+00:00,2020-06-08,15:39:41,daldalCorea,민주당 지지자라면 삼성과 이재용의 범죄에 눈을 감아서는 안 됩니다. 그들의 범죄는 상상 이상으로 치밀하고 계획적으로 범죄자 이명박과 다르지 않습니다. 삼성생명이 가진 삼성전자 지분을 처분해야 하는 상황이라서 회계사기로 부정상장 한 삼성바이오로직스의 주가가 67만원까지 급등했습니다. ,https://twitter.com/daldalCorea/status/1270017662496595969,0,2,
2020-06-08 14:40:50+00:00,2020-06-08,14:40:50,EconomicView,검찰은 이 부회장이 상속세 재원을 마련하기 위해 워런 버핏을 만나 삼성생명 지분 매각을 논의한 정황을 제시한 것으로 알려졌다. 현재도 상속세 재원 마련 방안이 불투명하다는 지적이 제기되는 만큼 재범 위험성도 있다고 검찰은 지적했다. https://www.yna.co.kr/view/AKR20200608053953004 이건희 회장님도 살아계시고...,https://twitter.com/EconomicView/status/1270002853155753984,6,3,
2020-06-08 14:30:34+00:00,2020-06-08,14:30:34,Un_e2e,내가 제일 기여워 죽는 광고메이킹이 2개 있는데 하나는 피존이고 하나는 삼성생명임 ,https://twitter.com/Un_e2e/status/1270000271016341505,0,7,
2020-06-08 09:02:20+00:00,2020-06-08,09:02:20,sinojo21,"http://samsunggroupunion.org/gnu/bbs/board.php?bo_table=bbs_free&amp;wr_id=136293 ‘유전무죄 무전유죄’ 이재용을 구속하라! 삼성재벌은 과천철대위, 삼성생명 암보험피해자, 중소기업피해자 모든 분들의 고통과 책임을 통감하고 삼성의 갑질과 횡포에 대해 삼성피해자들의 문제를 먼저 해결하지 못한 무능과 무책임에 대해 사죄와 용서를 빌어라",https://twitter.com/sinojo21/status/1269917665805529088,1,0,
2020-06-08 08:35:41+00:00,2020-06-08,08:35:41,sinojo21,http://samsunggroupunion.org/gnu/bbs/board.php?bo_table=bbs_free&amp;wr_id=136293 ‘유전무죄 무전유죄’ 이재용을 구속하라! 삼성생명 보암모 암보험피해자 삼성생명본사 점거농성 142일! 과천철거민 반삼성 생존권투쟁 16년! 이재용 구속으로 ‘유전무죄 무전유죄’ 정경유착 끝장내자,https://twitter.com/sinojo21/status/1269910959079882752,0,0,
2020-06-08 07:19:36+00:00,2020-06-08,07:19:36,Dear_My_Anna,ㅇㅏ 삼성생명 내 보험금 왜 안줘,https://twitter.com/Dear_My_Anna/status/1269891812140802048,0,0,
2020-06-08 05:53:26+00:00,2020-06-08,05:53:26,samsunglife,"6월엔 JUNE비해요~ 저축, 건강, 노후 이제는 준비하고 경품받자! 1. 2020년 중간점검! 이제라도 JUNE비하면 경품 JUNE다! https://bit.ly/30iKExt 2. 백세시대 필수품, 연금! 평생동안 받는 나만의 용돈 만들자~ (스타벅스 아메리카노 50명 추첨, 신세계상품권 증정) https://bit.ly/3dHE1bH",https://twitter.com/samsunglife/status/1269870127635238912,0,0,
2020-06-08 02:30:37+00:00,2020-06-08,02:30:37,wiseman3201,"삼성 그룹 금융 계열사, 총수 구속 앞두고 인력 감축 모드로!!! ‘긴축모드' 삼성생명, 20년차 직원까지 퇴직 유도 (출처 : 조선비즈 | 네이버 뉴스) http://naver.me/GKm7mLQU",https://twitter.com/wiseman3201/status/1269819088290734082,0,0,
2020-06-07 14:40:23+00:00,2020-06-07,14:40:23,HongGyeongja,"http://news.naver.com/main/read.nhn?mode=LSD&amp;mid=shm&amp;sid1=101&amp;oid=003&amp;aid=0006563076 페럼타워, 삼성생명에 평당 역대 최고가로 거래 #동 #아가다경자홍문 #당 #홍경자 #경자홍 #홍 #트리플8 #홍문 #홍홍",https://twitter.com/HongGyeongja/status/1269640351826010120,0,0,
2020-06-07 09:52:26+00:00,2020-06-07,09:52:26,pistolforyou,집이좋다에서기절함 집이좋다 사람 사랑 삼성생명,https://twitter.com/pistolforyou/status/1269567887955517442,1,2,
2020-06-07 01:43:30+00:00,2020-06-07,01:43:30,sinojo21,"http://go.jinbo.net/commune/view.php?board=cool&amp;id=52204&amp;page=1 삼성생명 암보험계약자들은 왜? 목숨을 담보로 투쟁하는가! 6/3 보암모 삼성생명 본사 점거 142일차! 보험은 약관 들고 팔고 지급할 때는 삼성생명만 알고 있는, 근거도 제시할 수 없는 내부 규정을 빙자하여, 중재기구로 가자고 하면 어떻게 수용을 하겠는가!",https://twitter.com/sinojo21/status/1269444845367521281,0,0,
2020-06-07 01:42:16+00:00,2020-06-07,01:42:16,sinojo21,http://go.jinbo.net/commune/view.php?board=cool&amp;id=52204&amp;page=1 삼성생명 암보험계약자들은 왜? 목숨을 담보로 투쟁하는가! 6/3 보암모 삼성생명 본사 점거 142일차! 중재기구를 통한 합의는 암환자에게 ‘손해’를 요구하는 것으로 보암모는 약관에 의한 보험금 지급을 처음부터 지금까지 일관되게 요구해왔다.,https://twitter.com/sinojo21/status/1269444533684539393,1,0,
2020-06-07 01:40:51+00:00,2020-06-07,01:40:51,sinojo21,"http://go.jinbo.net/commune/view.php?board=cool&amp;id=52204&amp;page=1 삼성생명 암보험계약자들은 왜? 목숨을 담보로 투쟁하는가! 6/3 보암모 삼성생명 본사 점거 142일차! 삼성생명의 중재기구를 통한 합의 제안에 대해 보암모 회원들은 거부 의사를 분명히 했다. 합의에 의한 보험금 지급은 약관에 없는 내용이다,",https://twitter.com/sinojo21/status/1269444176178933761,0,0,
2020-06-07 01:40:02+00:00,2020-06-07,01:40:02,sinojo21,http://go.jinbo.net/commune/view.php?board=cool&amp;id=52204&amp;page=1 삼성생명 암보험계약자들은 왜? 목숨을 담보로 투쟁하는가! 6/3 보암모 삼성생명 본사 점거 142일차! 보암모 암보험피해자들의 삼성생명본사 점거 농성이 길어지자 삼성생명은 최근 중재기구를 통한 합의를 제안했다.,https://twitter.com/sinojo21/status/1269443971660476416,0,0,
2020-06-07 01:39:28+00:00,2020-06-07,01:39:28,sinojo21,"http://go.jinbo.net/commune/view.php?board=cool&amp;id=52204&amp;page=1 삼성생명 암보험계약자들은 왜? 목숨을 담보로 투쟁하는가! 6/3 보암모 삼성생명 본사 점거 142일차! 암 입원보험금 지급 요구 약관, 동일하게 적용돼야…애매모호하면 ‘소비자에 유리하게 해석’이 원칙으로 삼성생명,뒤에서는 화해각서를 요구한다.",https://twitter.com/sinojo21/status/1269443827116371968,0,0,
2020-06-07 01:38:28+00:00,2020-06-07,01:38:28,sinojo21,http://go.jinbo.net/commune/view.php?board=cool&amp;id=52204&amp;page=1 삼성생명 암보험계약자들은 왜? 목숨을 담보로 투쟁하는가! 6/3 보암모 삼성생명 본사 점거 142일차! ‘고객의 든든한 동반자’ 자처하면서 국민의 사랑을 배신으로 보답하는 삼성생명은 듣도 보도 못한 직접치료가 아니라고 미지급하며 사기치고 있다.,https://twitter.com/sinojo21/status/1269443576825430016,0,0,
2020-06-07 01:37:34+00:00,2020-06-07,01:37:34,sinojo21,http://go.jinbo.net/commune/view.php?board=cool&amp;id=52204&amp;page=1 삼성생명 암보험계약자들은 왜? 목숨을 담보로 투쟁하는가! 6/3 보암모 삼성생명 본사 점거 142일차! 보암모 암피해자들은 “직접이고 간접치료고 암보험 가입 할때 그런 설명을 들어보지도 못했어요. 무조건 암에 걸리면 주는 돈이라고 알았다.,https://twitter.com/sinojo21/status/1269443350412750848,0,0,
2020-06-07 01:36:51+00:00,2020-06-07,01:36:51,sinojo21,http://go.jinbo.net/commune/view.php?board=cool&amp;id=52204&amp;page=1 삼성생명 암보험계약자들은 왜? 목숨을 담보로 투쟁하는가! 6/3 보암모 삼성생명 본사 점거 142일차! 암환자인 보암모 회원들은 시한부 삶을 연장하면서 그나마 요양병원에서 밥이라도 먹고 면역 치료를 받으면서 힘든 항암 기간을 버틸 수 있었다.,https://twitter.com/sinojo21/status/1269443171018145794,0,0,
2020-06-07 01:36:00+00:00,2020-06-07,01:36:00,sinojo21,http://go.jinbo.net/commune/view.php?board=cool&amp;id=52204&amp;page=1 삼성생명 암보험계약자들은 왜? 목숨을 담보로 투쟁하는가! 6/3 보암모 삼성생명 본사 점거 142일차! 3주에 한 번씩 본병원에 가서 항암하고 다시 요양병원에 와서 치료받기를 반복하며 항암 기간의 절반은 자기 정신으로 못 산다는 암피해자들이다.,https://twitter.com/sinojo21/status/1269442956672372737,0,0,
2020-06-07 01:35:19+00:00,2020-06-07,01:35:19,sinojo21,http://go.jinbo.net/commune/view.php?board=cool&amp;id=52204&amp;page=1 삼성생명 암보험계약자들은 왜? 목숨을 담보로 투쟁하는가! 6/3 보암모 삼성생명 본사 점거 142일차! 겉으로는 멀쩡해 보여도 암환자의 실상은 그렇지 않다는 것이다.,https://twitter.com/sinojo21/status/1269442782340411394,0,0,
2020-06-07 01:34:46+00:00,2020-06-07,01:34:46,sinojo21,http://go.jinbo.net/commune/view.php?board=cool&amp;id=52204&amp;page=1 삼성생명 암보험계약자들은 왜? 목숨을 담보로 투쟁하는가! 6/3 보암모 삼성생명 본사 점거 142일차! 암환자인 보암모 회원들은 시한부 삶을 연장하면서 삼성생명에게 자신이 어느 정도 아프고 힘든지를 수치화 하거나 보여줄 수 없는 게 안타깝다고 한다.,https://twitter.com/sinojo21/status/1269442647808045056,0,0,
2020-06-07 01:34:10+00:00,2020-06-07,01:34:10,sinojo21,"http://go.jinbo.net/commune/view.php?board=cool&amp;id=52204&amp;page=1 삼성생명 암보험계약자들은 왜? 목숨을 담보로 투쟁하는가! 6/3 보암모 삼성생명 본사 점거 142일차! 암 치료 할 때, 필수로 맞아야 되는 것들이거든요. 안 맞은 사람보다 맞는 사람이 훨씬 면역이 높아지는 게 사실이다.",https://twitter.com/sinojo21/status/1269442496427290627,1,0,
2020-06-07 01:33:42+00:00,2020-06-07,01:33:42,sinojo21,http://go.jinbo.net/commune/view.php?board=cool&amp;id=52204&amp;page=1 삼성생명 암보험계약자들은 왜? 목숨을 담보로 투쟁하는가! 6/3 보암모 삼성생명 본사 점거 142일차! 삼성생명 암보험 환자들이 요양병원 가면 면역을 올리는 주사며 비타민이며 그런 게 있어요.,https://twitter.com/sinojo21/status/1269442378181472256,0,0,
2020-06-07 01:32:48+00:00,2020-06-07,01:32:48,sinojo21,"http://go.jinbo.net/commune/view.php?board=cool&amp;id=52204&amp;page=1 삼성생명 암보험계약자들은 왜? 목숨을 담보로 투쟁하는가! 6/3 보암모 삼성생명 본사 점거 142일차! 보험입원금 미지급은 살인행위 침대에서 일주일 내내 붙어 있었어요. 항암을 6번 했는데, 2차 때부터는 거의 걸을 수가 없으니 요양병원 갈 수밖에 없다",https://twitter.com/sinojo21/status/1269442152452349953,1,0,
2020-06-07 01:31:09+00:00,2020-06-07,01:31:09,sinojo21,"http://go.jinbo.net/commune/view.php?board=cool&amp;id=52204&amp;page=1 삼성생명 암보험계약자들은 왜? 목숨을 담보로 투쟁하는가! 6/3 보암모 삼성생명 본사 점거 142일차! 암보험환자에 대한 생명농단 인권유린 사죄하고 직접치료, 간접치료 개소리다 삼성생명은 요양병원 암입원보험금을 약관대로 지급하라!",https://twitter.com/sinojo21/status/1269441737535057922,0,0,
2020-06-07 01:29:41+00:00,2020-06-07,01:29:41,sinojo21,"http://go.jinbo.net/commune/view.php?board=cool&amp;id=52204&amp;page=1 삼성생명 암보험계약자들은 왜? 목숨을 담보로 투쟁하는가! 6/3 보암모 삼성생명 본사 점거 142일차! 삼성생명! 지급도 안한 보험금을 지급했다며 허위 입력한 사기기업, ""보험약관""으로 보험 팔아먹고 ‘중재기구’로 합의하자는 삼성생명의 기만에 암환자는 분노한다!",https://twitter.com/sinojo21/status/1269441366133596165,0,0,
2020-06-07 01:28:51+00:00,2020-06-07,01:28:51,sinojo21,http://go.jinbo.net/commune/view.php?board=cool&amp;id=52204&amp;page=1 삼성생명 암보험계약자들은 왜? 목숨을 담보로 투쟁하는가! 6/3 보암모 삼성생명 본사 점거 142일차! 7일 입원했는데 490일 입원? 허위정보 입력한 삼성생명! 고객몰래 보험증권 변조해놓고 보험금 지급 안하는 범죄기업 삼성생명 처벌 못하는 금감원은 자폭하라!,https://twitter.com/sinojo21/status/1269441157739630592,0,0,
2020-06-07 01:27:36+00:00,2020-06-07,01:27:36,sinojo21,"http://go.jinbo.net/commune/view.php?board=cool&amp;id=52204&amp;page=1 삼성생명 암보험계약자들은 왜? 목숨을 담보로 투쟁하는가! 6/3 보암모 삼성생명 본사 점거 142일차! 삼성생명은 보험팔 땐 ""약관규정"" 지급할 땐 임원들 ""내부규정"" 삼성생명 조직적 사기행각에 암환자만 암이 재발ㆍ전이되어 죽어간다!",https://twitter.com/sinojo21/status/1269440841346473984,1,0,
2020-06-07 01:26:50+00:00,2020-06-07,01:26:50,sinojo21,http://go.jinbo.net/commune/view.php?board=cool&amp;id=52204&amp;page=1 삼성생명 암보험계약자들은 왜? 목숨을 담보로 투쟁하는가! 6/3 보암모 삼성생명 본사 점거 142일차! 의사가 증명한 암환자 C코드를 R코드로 서류조작 삼성생명 암보험 환자 사기 친 삼성생명 전영묵사장을 처벌하라!,https://twitter.com/sinojo21/status/1269440649436127232,1,0,
2020-06-07 01:26:15+00:00,2020-06-07,01:26:15,sinojo21,"http://go.jinbo.net/commune/view.php?board=cool&amp;id=52204&amp;page=1 삼성생명 암보험계약자들은 왜? 목숨을 담보로 투쟁하는가! 6/3 보암모 삼성생명 본사 점거 142일차! 삼성생명 약관, 증권 조작 사문서 위조 공금 횡령, 재벌총수 이재용은 삼성생명 정영묵사장을 해임하라!",https://twitter.com/sinojo21/status/1269440501733748737,0,0,
2020-06-07 01:25:44+00:00,2020-06-07,01:25:44,sinojo21,http://go.jinbo.net/commune/view.php?board=cool&amp;id=52204&amp;page=1 삼성생명 암보험계약자들은 왜? 목숨을 담보로 투쟁하는가! 6/3 보암모 삼성생명 본사 점거 142일차! 이재용은 보암모 암보험피해자들에게 사죄하고 삼성생명은 약관대로 암보험 입원금을 배상하라,https://twitter.com/sinojo21/status/1269440372754673665,0,0,
2020-06-07 01:24:52+00:00,2020-06-07,01:24:52,sinojo21,http://go.jinbo.net/commune/view.php?board=cool&amp;id=52204&amp;page=1 삼성생명 암보험계약자들은 왜? 목숨을 담보로 투쟁하는가! 6/3 보암모 삼성생명 본사 점거 142일차! 보암모대표 고소고발 적반하장 개소리다! 보암모 암보험피해자들에게 무릎꿇고 사죄 배상하라,https://twitter.com/sinojo21/status/1269440155833692160,0,0,
2020-06-07 01:24:23+00:00,2020-06-07,01:24:23,sinojo21,http://go.jinbo.net/commune/view.php?board=cool&amp;id=52204&amp;page=1 삼성생명 암보험계약자들은 왜? 목숨을 담보로 투쟁하는가! 6/3 보암모 삼성생명 본사 점거 142일차! 삼성그룹차원에서 사죄와 배상을 통해 보암모 암보험피해자와 이미 돌아가신 분들을 포함한 모든 분들의 정신적 경제적 피해배상을 하라!,https://twitter.com/sinojo21/status/1269440030621044738,0,0,
2020-06-07 01:23:08+00:00,2020-06-07,01:23:08,sinojo21,http://go.jinbo.net/commune/view.php?board=cool&amp;id=52204&amp;page=1 삼성생명 암보험계약자들은 왜? 목숨을 담보로 투쟁하는가! 6/3 보암모 삼성생명 본사 점거 142일차! 삼성생명 보암모 암보험피해자들의 투쟁은 사회 공익적 차원의 정당한 투쟁이다!,https://twitter.com/sinojo21/status/1269439718682357761,0,0,
2020-06-07 01:22:41+00:00,2020-06-07,01:22:41,sinojo21,http://go.jinbo.net/commune/view.php?board=cool&amp;id=52204&amp;page=1 삼성생명 암보험계약자들은 왜? 목숨을 담보로 투쟁하는가! 6/3 보암모 삼성생명 본사 점거 142일차! 삼성생명은 암보험 계약자들에게 온갖 변명과 암환자 C코드를 R코드로 서류 조작 약관 조작을 통해 보험금을 갈취 미지급하여 생명농단과 인권유린을 하고 있다,https://twitter.com/sinojo21/status/1269439605213810688,0,0,
2020-06-07 01:21:45+00:00,2020-06-07,01:21:45,sinojo21,http://go.jinbo.net/commune/view.php?board=cool&amp;id=52204&amp;page=1 삼성생명 암보험계약자들은 왜? 목숨을 담보로 투쟁하는가! 6/3 보암모 삼성생명 본사 점거 142일차! 삼성생명은 요양병원 암입원 보험금을 직접치료가 아니라는 궤변에 분노하는 암보험피해자들에게 삼성재벌총수 이재용은 머리숙여 사죄 배상하라!,https://twitter.com/sinojo21/status/1269439368541790208,1,1,
2020-06-07 01:18:54+00:00,2020-06-07,01:18:54,sinojo21,http://go.jinbo.net/commune/view.php?board=cool&amp;id=52204&amp;page=1 삼성생명 암보험계약자들은 왜? 목숨을 담보로 투쟁하는가! 6/3 보암모 삼성생명 본사 점거 142일차! 삼성생명에게 약관대로 보험금 지급을 요구하는 보암모 암보험피해자분들은 살고 싶다는 절박한 마음으로 시한부 삶을 사는 위급한 암환자다.,https://twitter.com/sinojo21/status/1269438654176346112,0,0,
2020-06-07 01:17:59+00:00,2020-06-07,01:17:59,sinojo21,http://go.jinbo.net/commune/view.php?board=cool&amp;id=52204&amp;page=1 삼성생명 암보험계약자들은 왜? 목숨을 담보로 투쟁하는가! 6/3 보암모 삼성생명 본사 점거 142일차! 암환자들은 살고 싶다! 삼성생명은 약관대로 미지급 보험금을 지급하라!,https://twitter.com/sinojo21/status/1269438423233773568,0,0,
2020-06-07 01:12:23+00:00,2020-06-07,01:12:23,sinojo21,"http://go.jinbo.net/commune/view.php?board=cool&amp;id=52204&amp;page=1 삼성재벌은 과천철대위, 삼성생명 암보험피해자, 중소기업피해자 모든 분들의 고통과 책임을 통감하고, 삼성의 갑질과 횡포에 대해 삼성피해자들의 문제를 먼저 해결하지 못한 무능과 무책임에 대해 사죄와 용서를 빌어라",https://twitter.com/sinojo21/status/1269437014186704897,1,0,
2020-06-06 14:03:48+00:00,2020-06-06,14:03:48,ipopou,"""이런 상품 만들고 회식비도 주세요""… 삼성생명도 눈치보는 '보험대리점' http://ipopou.blog.me/221992370504",https://twitter.com/ipopou/status/1269268757534236673,0,0,
2020-06-06 13:25:12+00:00,2020-06-06,13:25:12,sinojo21,"http://samsunggroupunion.org/gnu/bbs/board.php?bo_table=bbs_free&amp;wr_id=136293 ‘유전무죄 무전유죄’ 이재용을 구속하라! 삼성재벌은 과천철대위, 삼성생명 암보험피해자, 중소기업피해자 모든 분들의 고통과 책임을 통감하고 삼성의 갑질과 횡포에 대해 삼성피해자들의 문제를 먼저 해결하지 못한 무능과 무책임에 대해 사죄와 용서를 빌어라",https://twitter.com/sinojo21/status/1269259042326589440,0,0,
2020-06-06 12:58:30+00:00,2020-06-06,12:58:30,sinojo21,http://samsunggroupunion.org/gnu/bbs/board.php?bo_table=bbs_free&amp;wr_id=136293 ‘유전무죄 무전유죄’ 이재용을 구속하라! 삼성생명 보암모 암보험피해자 삼성생명본사 점거농성 142일! 과천철거민 반삼성 생존권투쟁 16년! 이재용 구속으로 ‘유전무죄 무전유죄’ 정경유착 끝장내자,https://twitter.com/sinojo21/status/1269252325303967744,0,0,
2020-06-06 11:00:15+00:00,2020-06-06,11:00:15,vfdkylaevvg,가맹점 매출거래정보 통합조회시... >> 삼성생명어린이보험 &gt;&gt; &lt;출처&gt; ,https://twitter.com/vfdkylaevvg/status/1269222565211340800,0,0,
2020-06-06 09:06:31+00:00,2020-06-06,09:06:31,seoultopis,"[18:06] 서초동 대법원 정문 앞을 출발했던 행진인원들이 도착장소인 삼성생명 앞까지 모두 이동한후, 계속해서 마무리집회를 하고있습니다. 주변도로 이용에 참고하시기 바랍니다.",https://twitter.com/seoultopis/status/1269193944635564032,0,0,
2020-06-06 08:05:30+00:00,2020-06-06,08:05:30,seoultopis,[17:05] 서초동 대법원 정문 앞 행진인원들 현재 법원검찰청사거리에서 강남역방향으로 하위차로 2~3개차로 막고 이동하고 있으니 주변도로 이용에 참고하시기 바랍니다. ※행진 : 대법원 정문→서초역→교대역→삼성생명,https://twitter.com/seoultopis/status/1269178590429511680,0,0,
2020-06-06 07:44:04+00:00,2020-06-06,07:44:04,tbsseoul,"[집회안내] 서초동 대법원 정문 앞에 모여있던 국민대회 인원들이 행진을 시작하였습니다. 현재 대법원 정문에서 서초대로 서초역4거리, 교대역을 지나 삼성생명앞 방면으로 2~3개차로 막고 이동하고 있으니 주변도로 이용에 참고하시기 바랍니다. ※행진 : 대법원 정문→서초역→교대역→삼성생명 ",https://twitter.com/tbsseoul/status/1269173194574819329,0,2,
2020-06-06 07:43:24+00:00,2020-06-06,07:43:24,ocheol31,삼성생명 다닌다는 44살여자의 연봉이 6억이랴 그녀는 성공해야겠다는 마음을 먹고 최고급 레스토랑엘 가서 가격도 안보고 가장비싼음식을 시키고 자가용은 최고급자동차를 타고 다녔었는데 현재 연봉이 6억이랴 근데 지금 연봉도 못믿겠어 구라까는거 같어 ㅋㅋ,https://twitter.com/ocheol31/status/1269173028933431296,0,0,
2020-06-06 07:40:58+00:00,2020-06-06,07:40:58,seoultopis,[16:39] 대법원정문앞 집회의 행진이 시작되었습니다. 서초대로( 서리풀터널 → 서초역사거리) 하위2개차로를 이용하여 행진중입니다. (행진구간 : 대법원 정문→서초역→교대역→삼성생명),https://twitter.com/seoultopis/status/1269172413750579201,0,0,
2020-06-06 07:40:14+00:00,2020-06-06,07:40:14,poltra02,[행진출발]대법원 정문→서초역→교대역→삼성생명(1개차로) 행진출발했습니다 #poltra,https://twitter.com/poltra02/status/1269172231503921152,0,0,#poltra
2020-06-06 05:08:42+00:00,2020-06-06,05:08:42,tbsseoul,"[집회안내] 서초동 대법원 정문 앞에 국본, 총선 부정선거 의혹 규명 국민대회 참가자들이 모여 있습니다. 집회 후에는 행진이 예정되어 있으니 도로이용에 참고하시기 바랍니다. ※행진(행진시각미정) : 대법원 정문→서초역→교대역→삼성생명 (1개차로 이용) ",https://twitter.com/tbsseoul/status/1269134093888786434,0,1,
2020-06-06 04:50:23+00:00,2020-06-06,04:50:23,seoultopis,[13:48] 대법원앞 집회로 서초대로 (서초역 →서리풀터널) 하위차로 차단되고 있습니다.집회 후 행진예정입니다. ※행진:대법원 정문→서초역→교대역→삼성생명(1개차로),https://twitter.com/seoultopis/status/1269129488463302656,0,0,
2020-06-06 04:19:18+00:00,2020-06-06,04:19:18,0nly_0412,블루 너무 찰떡임 뭐든 믿고 맡길 수 있을 거 가틈 @삼성생명 @삼성화재 ,https://twitter.com/0nly_0412/status/1269121662215045120,2,0,
2020-06-06 03:25:49+00:00,2020-06-06,03:25:49,soultv,삼성생명 명예회복 화이링!!! 배혜윤 선수 언제나 응원합니다!!! http://naver.me/FrLKFRcg,https://twitter.com/soultv/status/1269108206384504833,0,0,
2020-06-06 01:58:19+00:00,2020-06-06,01:58:19,sinojo21,http://go.jinbo.net/commune/view.php?board=cool&amp;id=52204&amp;page=1 삼성생명 암보험계약자들은 왜? 목숨을 담보로 투쟁하는가! 삼성생명 중재기구 필요없다 보암모 암피해자 직접교섭 해결하라! 삼성생명은 약관대로 보험금을 지급하라,https://twitter.com/sinojo21/status/1269086184359116800,0,0,
2020-06-06 01:57:06+00:00,2020-06-06,01:57:06,sinojo21,"http://go.jinbo.net/commune/view.php?board=cool&amp;id=52204&amp;page=1 6/3 보암모 삼성생명 본사 점거 142일차! 보암모 김근아 대표는보험은 약관 들고 팔았으면서 지급할 때는 삼성생명만 알고 있는, 근거도 제시할 수 없는 내부 규정을 빙자하여, 중재기구로 가자고 하면 어떻게 수용을 하겠는가!",https://twitter.com/sinojo21/status/1269085878615339008,0,0,
2020-06-06 01:56:28+00:00,2020-06-06,01:56:28,sinojo21,"http://go.jinbo.net/commune/view.php?board=cool&amp;id=52204&amp;page=1 6/3 보암모 삼성생명 본사 점거 142일차! 보암모 김근아 대표는 지급을 안 하는 근거 규정을 달라고 그렇게 요구를 했지만, 회사기밀이라며 보여주지도 않고 말만 바꾸고 보험금은 지급하지 않고 있다",https://twitter.com/sinojo21/status/1269085720238415872,0,0,
2020-06-06 01:55:25+00:00,2020-06-06,01:55:25,sinojo21,"http://go.jinbo.net/commune/view.php?board=cool&amp;id=52204&amp;page=1 6/3 보암모 삼성생명 본사 점거 142일차! 보암모 김근아 대표는 “약관을 만든 이유가 있다. 판례를 근거로 삼으려면 판례의 내용을 약관에 명시하고, 그 약관에 해당하는 상품을 판매한 것이라면 인정을 하겠지만, 그런 내용이 약관에는 없다.",https://twitter.com/sinojo21/status/1269085456253112322,0,0,
2020-06-06 01:54:42+00:00,2020-06-06,01:54:42,sinojo21,http://go.jinbo.net/commune/view.php?board=cool&amp;id=52204&amp;page=1 6/3 보암모 삼성생명 본사 점거 142일차! 김근아 보암모 공동대표는 삼성생명은 “금감원에서 지급 권고한 것은 지급하지 않으면서 금감원에서 기각된 건에 대해서는 지급할 수 없다면서 중재기구로 가자고 한다. 말이 앞뒤가 안 맞는다”고 지적했다.,https://twitter.com/sinojo21/status/1269085274199322624,0,0,
2020-06-06 01:53:47+00:00,2020-06-06,01:53:47,sinojo21,"http://go.jinbo.net/commune/view.php?board=cool&amp;id=52204&amp;page=1 6/3 보암모 삼성생명 본사 점거 142일차! 김근아 보암모 공동대표는 “금감원의 지급 권고 건은 금감원 분쟁조정위원회를 통해서 협의된 건과 그와 비슷한 사례들에 대해 지급을 권고한 것인데, 그것을 다시 중재기구에서 합의하자고 하는 데 동의할 이유가 없다”",https://twitter.com/sinojo21/status/1269085043185446913,0,0,
2020-06-06 01:52:59+00:00,2020-06-06,01:52:59,sinojo21,"http://go.jinbo.net/commune/view.php?board=cool&amp;id=52204&amp;page=1 6/3 보암모 삼성생명 본사 점거 142일차! 합의에 의한 보험금 지급은 약관에 없는 내용이고, 그것은 암환자에게 ‘손해’를 요구하는 것과 같기 때문이다. 보암모는 약관에 의한 보험금 지급을 처음부터 지금까지 일관되게 요구해왔다.",https://twitter.com/sinojo21/status/1269084842475438080,0,0,
2020-06-06 01:52:04+00:00,2020-06-06,01:52:04,sinojo21,http://go.jinbo.net/commune/view.php?board=cool&amp;id=52204&amp;page=1 6/3 보암모 삼성생명 본사 점거 142일차! 보암모 암보험피해자들의 삼성생명본사 점거 농성이 길어지자 삼성생명은 최근 중재기구를 통한 합의를 제안했다. 삼성생명의 중재기구를 통한 합의 제안에 대해 보암모 회원들은 거부 의사를 분명히 했다.,https://twitter.com/sinojo21/status/1269084610253619200,0,0,
2020-06-06 01:51:24+00:00,2020-06-06,01:51:24,sinojo21,"http://go.jinbo.net/commune/view.php?board=cool&amp;id=52204&amp;page=1 6/3 보암모 삼성생명 본사 점거 142일차! 암 입원보험금 지급 요구 약관, 동일하게 적용돼야…애매모호하면 ‘소비자에 유리하게 해석’이 원칙 삼성생명, ‘직접 치료’, 판례 등 이유로 지급 거부하고…뒤에서는 화해각서를 요구한다.",https://twitter.com/sinojo21/status/1269084442636632066,0,0,
2020-06-06 01:50:48+00:00,2020-06-06,01:50:48,sinojo21,http://go.jinbo.net/commune/view.php?board=cool&amp;id=52204&amp;page=1 ‘고객의 든든한 동반자’ 자처하면서 국민의 사랑을 배신으로 보답하는 삼성생명은 법·약관 다 무시하고 여전히 보암모 암보험피해자들의 요양병원 암 입원보험금을 듣도 보도 못한 직접치료가 아니라고 미지급하며 사기치고 있다.,https://twitter.com/sinojo21/status/1269084292467941377,0,0,
2020-06-06 01:50:08+00:00,2020-06-06,01:50:08,sinojo21,http://go.jinbo.net/commune/view.php?board=cool&amp;id=52204&amp;page=1 6/3 보암모 삼성생명 본사 점거 142일차! 패륜기업 삼성생명! 암보험환자에 대한 생명농단 인권유린 박살내자! 살인기업 삼성재벌! 삼성생명 암 입원보험금을 약관대로 지급하라!,https://twitter.com/sinojo21/status/1269084124083392513,0,0,
2020-06-06 01:49:08+00:00,2020-06-06,01:49:08,sinojo21,http://go.jinbo.net/commune/view.php?board=cool&amp;id=52204&amp;page=1 6/3 보암모 삼성생명 본사 점거 142일차! 보암모 암피해자들은 “직접이고 간접치료고 암보험 가입 할때 그런 설명을 들어보지도 못했어요. 무조건 암에 걸리면 주는 돈이라고 생각 하고 들었다.,https://twitter.com/sinojo21/status/1269083872823668737,0,0,
2020-06-06 01:48:31+00:00,2020-06-06,01:48:31,sinojo21,http://go.jinbo.net/commune/view.php?board=cool&amp;id=52204&amp;page=1 6/3 보암모 삼성생명 본사 점거 142일차! 항암 기간의 절반은 자기 정신으로 못 산다는 암피해자들이 그나마 요양병원에서 밥이라도 먹고 면역 치료를 받으면서 힘든 항암 기간을 버틸 수 있었다.,https://twitter.com/sinojo21/status/1269083717844140032,0,0,
2020-06-06 01:48:02+00:00,2020-06-06,01:48:02,sinojo21,http://go.jinbo.net/commune/view.php?board=cool&amp;id=52204&amp;page=1 6/3 보암모 삼성생명 본사 점거 142일차! 암환자인 보암모 회원들은 시한부 삶을 연장하면서 삼성생명에게 자신이 어느 정도 아프고 힘든지를 수치화 하거나 보여줄 수 없는 게 안타깝다고 한다. 겉으로는 멀쩡해 보여도 암환자의 실상은 그렇지 않다는 것이다.,https://twitter.com/sinojo21/status/1269083594632228864,0,0,
2020-06-06 01:47:10+00:00,2020-06-06,01:47:10,sinojo21,"http://go.jinbo.net/commune/view.php?board=cool&amp;id=52204&amp;page=1 6/3 보암모 삼성생명 본사 점거 142일차! 보험입원금 미지급은 살인행위 삼성생명 저주한다 항암을 6번 했는데, 2차 때부터는 거의 걸을 수가 없으니 요양병원 갈 수밖에 없다. 밥이라도 먹어야 우리가 면역을 올리고 항암을 또 맞죠. 전이도 막아야 합니다.",https://twitter.com/sinojo21/status/1269083377337896962,0,0,
2020-06-06 01:46:29+00:00,2020-06-06,01:46:29,sinojo21,"http://go.jinbo.net/commune/view.php?board=cool&amp;id=52204&amp;page=1 6/3 보암모 삼성생명 본사 점거 142일차! 삼성생명본사에서 112일 점거투쟁 중인 보암모 삼성생명 암보험환자에 대한 생명농단 인권유린 사죄하고 직접치료, 간접치료 개소리다 삼성생명은 요양병원 암입원보험금을 약관대로 지급하라!",https://twitter.com/sinojo21/status/1269083208315887617,0,0,
2020-06-06 01:45:54+00:00,2020-06-06,01:45:54,sinojo21,"http://go.jinbo.net/commune/view.php?board=cool&amp;id=52204&amp;page=1 6/3 보암모 삼성생명 본사 점거 142일차! 암 입윈보험금 미지급한 삼성생명! 지급도 안한 보험금을 지급했다며 허위 입력한 사기기업, ""보험약관""으로 보험 팔아먹고 ‘중재기구’로 합의하자는 삼성생명의 기만에 암환자는 분노한다!",https://twitter.com/sinojo21/status/1269083061167087616,0,0,
2020-06-06 01:45:14+00:00,2020-06-06,01:45:14,sinojo21,http://go.jinbo.net/commune/view.php?board=cool&amp;id=52204&amp;page=1 6/3 보암모 삼성생명 본사 점거 142일차! 7일 입원했는데 490일 입원이라고? 허위정보 입력한 삼성생명! 고객들 보험료만 줄줄 샌다! 고객몰래 보험증권 변조해놓고 보험금 지급 안하는 범죄기업 삼성생명 처벌 못하는 금감원은 자폭하라!,https://twitter.com/sinojo21/status/1269082890576384000,0,0,
2020-06-06 01:44:41+00:00,2020-06-06,01:44:41,sinojo21,"http://go.jinbo.net/commune/view.php?board=cool&amp;id=52204&amp;page=1 6/3 보암모 삼성생명 본사 점거 142일차! 삼성생명은 보험팔 땐 ""약관규정"" 지급할 땐 임원들 ""내부규정"" 삼성생명 조직적 사기행각에 암환자만 암이 재발ㆍ전이되어 죽어간다!",https://twitter.com/sinojo21/status/1269082751874949120,0,0,
2020-06-06 01:44:08+00:00,2020-06-06,01:44:08,sinojo21,http://go.jinbo.net/commune/view.php?board=cool&amp;id=52204&amp;page=1 6/3 보암모 삼성생명 본사 점거 142일차! 의사가 증명한 암환자 C코드를 R코드로 서류조작 삼성생명 암보험 환자 사기 친 삼성생명 전영묵사장을 처벌하라!,https://twitter.com/sinojo21/status/1269082615249682433,1,0,
2020-06-06 01:43:35+00:00,2020-06-06,01:43:35,sinojo21,"http://go.jinbo.net/commune/view.php?board=cool&amp;id=52204&amp;page=1 6/3 보암모 삼성생명 본사 점거 142일차! 삼성생명 약관, 증권 조작 사문서 위조 공금 횡령, 재벌총수 이재용은 삼성생명 정영묵사장을 해임하라!",https://twitter.com/sinojo21/status/1269082476296601601,0,0,
2020-06-06 01:43:05+00:00,2020-06-06,01:43:05,sinojo21,http://go.jinbo.net/commune/view.php?board=cool&amp;id=52204&amp;page=1 6/3 보암모 삼성생명 본사 점거 142일차! 보암모대표 고소고발 적반하장 개소리다! 보암모 암보험피해자들에게 무릎꿇고 사죄 배상하라 이재용은 보암모 암보험피해자들에게 사죄하고 삼성생명은 약관대로 암보험 입원금을 배상하라,https://twitter.com/sinojo21/status/1269082352879190016,0,0,
2020-06-06 01:42:34+00:00,2020-06-06,01:42:34,sinojo21,http://go.jinbo.net/commune/view.php?board=cool&amp;id=52204&amp;page=1 6/3 보암모 삼성생명 본사 점거 142일차! 삼성재벌은 삼성그룹차원에서 사죄와 배상을 통해 삼성생명이 충분한 치료 보험금과 정상적인 생활을 위해 보암모 암보험피해자와 이미 돌아가신 분들을 포함한 모든 분들의 정신적 경제적 피해배상을 하라!,https://twitter.com/sinojo21/status/1269082219546435584,0,0,
2020-06-06 01:41:51+00:00,2020-06-06,01:41:51,sinojo21,"http://go.jinbo.net/commune/view.php?board=cool&amp;id=52204&amp;page=1 삼성생명은 암보험 계약자들에게 온갖 변명과 암환자 C코드를 R코드로 서류 조작 약관 조작을 통해 보험금을 갈취 미지급하여 요양병원의 암입원치료가 간접치료라는 궤변으로 암보험입원금을 지급하지 않고, 생명농단과 인권유린을 하고 있다.",https://twitter.com/sinojo21/status/1269082040378388480,0,0,
2020-06-06 01:40:47+00:00,2020-06-06,01:40:47,sinojo21,http://go.jinbo.net/commune/view.php?board=cool&amp;id=52204&amp;page=1 6/3 보암모 삼성생명 본사 점거 142일차! 삼성생명 본사 점거 142일차 3년 길거리투쟁하며 삼성생명에게 약관대로 보험금 지급을 요구하는 보암모 암보험피해자분들은 살고 싶다는 절박한 마음으로 시한부 삶을 사는 위급한 암환자다.,https://twitter.com/sinojo21/status/1269081773738086401,0,0,
2020-06-06 01:40:02+00:00,2020-06-06,01:40:02,sinojo21,http://go.jinbo.net/commune/view.php?board=cool&amp;id=52204&amp;page=1 삼성생명 암보험계약자들은 왜? 목숨을 담보로 투쟁하는가! 6/3 보암모 삼성생명 본사 점거 142일차! 암환자들은 살고 싶다! 삼성생명은 약관대로 미지급 보험금을 지급하라!,https://twitter.com/sinojo21/status/1269081583371251715,0,0,
2020-06-06 01:35:30+00:00,2020-06-06,01:35:30,sinojo21,"http://samsunggroupunion.org/gnu/bbs/board.php?bo_table=bbs_free&amp;wr_id=136293 삼성재벌은 과천철대위, 삼성생명 암보험피해자, 중소기업피해자 모든 분들의 고통과 책임을 통감하고 삼성의 갑질과 횡포에 대해 삼성피해자들의 문제를 먼저 해결하지 못한 무능과 무책임에 대해 사죄와 용서를 빌어라",https://twitter.com/sinojo21/status/1269080444399575040,0,0,
2020-06-05 22:49:11+00:00,2020-06-05,22:49:11,poltra02,6월 6일 (토) 집회정보입니다. - 16:00∼17:00 명동역5出→회현사거리→한국은행→을지로1가→한빛광장(2개차로) - 14:00∼19:00 중앙지검 서문 앞 - 14:00∼17:30 대법원 정문→서초역→교대역→삼성생명(1개차로) - 18:00∼20:00 강남역 5出 앞 #poltra,https://twitter.com/poltra02/status/1269038585572806657,1,0,#poltra
2020-06-05 15:32:35+00:00,2020-06-05,15:32:35,yeahbbi00,유산균 노니 비타민 다 챙겨 먹고 마스크 끼고 습진 걸릴 정도로 손 씻고 다녀도 건강한 신체에 깃들지 못하고 빠개진 정신은 누가 보상해 줄 건데 거기 삼성생명이죠 저 아이돌 때문에 정신이 털렸는데요,https://twitter.com/yeahbbi00/status/1268928712059154432,0,0,
2020-06-05 14:48:46+00:00,2020-06-05,14:48:46,ipopou,"""보험대출 따오면 추가 수수료""… 삼성생명, 코로나 틈타 고금리 영업 http://ipopou.blog.me/221991517705",https://twitter.com/ipopou/status/1268917684885794816,0,0,
2020-06-05 08:41:36+00:00,2020-06-05,08:41:36,sinojo21,http://samsunggroupunion.org/gnu/bbs/board.php?bo_table=bbs_free&amp;wr_id=136293 암환자들은 왜? 목숨을 담보로 투쟁하는가! 삼성생명 중재기구 필요없다 보암모 암피해자 직접교섭 해결하라! 삼성생명은 약관대로 보험금을 지급하라,https://twitter.com/sinojo21/status/1268825286432272384,0,0,
2020-06-05 08:41:10+00:00,2020-06-05,08:41:10,sinojo21,"http://samsunggroupunion.org/gnu/bbs/board.php?bo_table=bbs_free&amp;wr_id=136293 암환자들은 왜? 목숨을 담보로 투쟁하는가! 보험은 약관 들고 팔았으면서 지급할 때는 삼성생명만 알고 있는, 근거도 제시할 수 없는 내부 규정을 빙자하여, 중재기구로 가자고 하면 어떻게 수용을 하겠는가!",https://twitter.com/sinojo21/status/1268825176075988992,0,0,
2020-06-05 08:39:08+00:00,2020-06-05,08:39:08,sinojo21,http://samsunggroupunion.org/gnu/bbs/board.php?bo_table=bbs_free&amp;wr_id=136293 암환자들은 왜? 목숨을 담보로 투쟁하는가! 보암모 김근아 대표는 삼성생명은 “금감원에서 지급 권고한 것은 지급하지 않으면서 금감원에서 기각된 건에 대해서는 지급할 수 없다면서 중재기구로 가자고 한다. 말이 앞뒤가 안 맞는다”고 지적했다.,https://twitter.com/sinojo21/status/1268824664047927296,0,0,
2020-06-05 08:36:50+00:00,2020-06-05,08:36:50,sinojo21,http://samsunggroupunion.org/gnu/bbs/board.php?bo_table=bbs_free&amp;wr_id=136293 암환자들은 왜? 목숨을 담보로 투쟁하는가! 보암모 암보험피해자들의 삼성생명본사 점거 농성이 길어지자 삼성생명은 최근 중재기구를 통한 합의를 제안했다. 그러나 삼성생명의 중재기구를 통한 합의 제안에 대해 보암모 회원들은 거부 의사를 분명히 했다.,https://twitter.com/sinojo21/status/1268824087721201664,0,0,
2020-06-05 08:36:01+00:00,2020-06-05,08:36:01,sinojo21,"http://samsunggroupunion.org/gnu/bbs/board.php?bo_table=bbs_free&amp;wr_id=136293 보암모, 삼성생명 고객센터 점거 농성 142일차… 암 입원보험금 지급 요구 약관, 동일하게 적용돼야…애매모호하면 ‘소비자에 유리하게 해석’이 원칙 삼성생명, ‘직접 치료’, 판례 등 이유로 지급 거부하고…뒤에서는 화해각서를 요구한다",https://twitter.com/sinojo21/status/1268823880828780544,0,0,
2020-06-05 08:35:29+00:00,2020-06-05,08:35:29,sinojo21,http://samsunggroupunion.org/gnu/bbs/board.php?bo_table=bbs_free&amp;wr_id=136293 암환자들은 왜? 목숨을 담보로 투쟁하는가! 삼성생명은 법·약관 다 무시하고 여전히 보암모 암보험피해자들의 요양병원 암 입원보험금을 듣도 보도 못한 직접치료가 아니라고 미지급하며 사기치고 있다.,https://twitter.com/sinojo21/status/1268823747999363073,0,0,
2020-06-05 08:35:01+00:00,2020-06-05,08:35:01,sinojo21,http://samsunggroupunion.org/gnu/bbs/board.php?bo_table=bbs_free&amp;wr_id=136293 암환자들은 왜? 목숨을 담보로 투쟁하는가! 패륜기업 삼성생명! 암보험환자에 대한 생명농단 인권유린 박살내자! 살인기업 삼성재벌! 삼성생명 암 입원보험금을 약관대로 지급하라! ‘고객의 든든한 동반자’ 자처하면서 국민의 사랑을 배신으로 보답하고 있다,https://twitter.com/sinojo21/status/1268823627878641664,0,0,
2020-06-05 08:31:55+00:00,2020-06-05,08:31:55,sinojo21,"http://samsunggroupunion.org/gnu/bbs/board.php?bo_table=bbs_free&amp;wr_id=136293 암환자들은 왜? 목숨을 담보로 투쟁하는가! 삼성생명 암보험 환자들이 요양병원 가면 면역을 올리는 주사며 비타민이며 그런 게 있어요. 암 치료 할 때, 필수로 맞아야 되는 것들이거든요. 안 맞은 사람보다 맞는 사람이 훨씬 면역이 높아지는 게 사실이다.",https://twitter.com/sinojo21/status/1268822851160666112,0,0,
2020-06-05 08:31:17+00:00,2020-06-05,08:31:17,sinojo21,"http://samsunggroupunion.org/gnu/bbs/board.php?bo_table=bbs_free&amp;wr_id=136293 암환자들은 왜? 목숨을 담보로 투쟁하는가! 보험입원금 미지급은 살인행위 삼성생명 저주한다 항암을 6번 했는데, 2차 때부터는 거의 걸을 수가 없으니 요양병원 갈 수밖에 없다. 밥이라도 먹어야 우리가 면역을 올리고 항암을 또 맞죠. 전이도 막아야 합니다.",https://twitter.com/sinojo21/status/1268822690837585920,0,0,
2020-06-05 08:28:06+00:00,2020-06-05,08:28:06,sinojo21,"http://samsunggroupunion.org/gnu/bbs/board.php?bo_table=bbs_free&amp;wr_id=136293 암환자들은 왜? 목숨을 담보로 투쟁하는가! 삼성생명본사에서 점거투쟁 중인 보암모 삼성생명 암보험환자에 대한 생명농단 인권유린 사죄하고 직접치료, 간접치료 개소리다 삼성생명은 요양병원 암입원보험금을 약관대로 지급하라!",https://twitter.com/sinojo21/status/1268821888437911552,0,0,
2020-06-05 08:27:30+00:00,2020-06-05,08:27:30,sinojo21,"http://samsunggroupunion.org/gnu/bbs/board.php?bo_table=bbs_free&amp;wr_id=136293 암환자들은 왜? 목숨을 담보로 투쟁하는가! 암 입윈보험금 미지급한 삼성생명! 지급도 안한 보험금을 지급했다며 허위 입력한 사기기업, ""보험약관""으로 보험 팔아먹고 ‘중재기구’로 합의하자는 삼성생명의 기만에 암환자는 분노한다!",https://twitter.com/sinojo21/status/1268821738353115138,0,0,
2020-06-05 08:26:59+00:00,2020-06-05,08:26:59,sinojo21,http://samsunggroupunion.org/gnu/bbs/board.php?bo_table=bbs_free&amp;wr_id=136293 암환자들은 왜? 목숨을 담보로 투쟁하는가! 7일 입원했는데 490일 입원이라고? 허위정보 입력한 삼성생명! 고객들 보험료만 줄줄 샌다! 고객몰래 보험증권 변조해놓고 보험금 지급 안하는 범죄기업 삼성생명 처벌 못하는 금감원은 자폭하라!,https://twitter.com/sinojo21/status/1268821606693867520,0,0,
2020-06-05 08:26:33+00:00,2020-06-05,08:26:33,sinojo21,"http://samsunggroupunion.org/gnu/bbs/board.php?bo_table=bbs_free&amp;wr_id=136293 암환자들은 왜? 목숨을 담보로 투쟁하는가! 삼성생명은 보험팔 땐 ""약관규정"" 지급할 땐 임원들 ""내부규정"" 삼성생명 조직적 사기행각에 암환자만 암이 재발ㆍ전이되어 죽어간다!",https://twitter.com/sinojo21/status/1268821497088339973,0,0,
2020-06-05 08:26:02+00:00,2020-06-05,08:26:02,sinojo21,"http://samsunggroupunion.org/gnu/bbs/board.php?bo_table=bbs_free&amp;wr_id=136293 암환자들은 왜? 목숨을 담보로 투쟁하는가! 삼성생명 약관, 증권 조작 사문서 위조 공금 횡령, 재벌총수 이재용은 삼성생명 정영묵사장을 해임하라! 의사가 증명한 암환자 C코드를 R코드로 서류조작 삼성생명 암보험 환자 사기 친 삼성생명 전영묵사장을 처벌하라!",https://twitter.com/sinojo21/status/1268821368084164608,0,1,
2020-06-05 08:23:47+00:00,2020-06-05,08:23:47,sinojo21,http://samsunggroupunion.org/gnu/bbs/board.php?bo_table=bbs_free&amp;wr_id=136293 삼성생명 암보험계약자들은 왜? 목숨을 담보로 투쟁하는가! 보암모대표 고소고발 적반하장 개소리다! 보암모 암보험피해자들에게 무릎꿇고 사죄 배상하라 이재용은 보암모 암보험피해자들에게 사죄하고 삼성생명은 약관대로 암보험 입원금을 배상하라,https://twitter.com/sinojo21/status/1268820803325313024,0,0,
2020-06-05 08:23:19+00:00,2020-06-05,08:23:19,sinojo21,http://samsunggroupunion.org/gnu/bbs/board.php?bo_table=bbs_free&amp;wr_id=136293 삼성생명 암보험계약자들은 왜? 목숨을 담보로 투쟁하는가! 삼성재벌은 삼성그룹차원에서 사죄와 배상을 통해 삼성생명이 충분한 치료 보험금과 정상적인 생활을 위해 보암모 암보험피해자와 이미 돌아가신 분들을 포함한 모든 분들의 정신적 경제적 피해배상을 하라!,https://twitter.com/sinojo21/status/1268820686425878528,0,0,
2020-06-05 08:21:42+00:00,2020-06-05,08:21:42,sinojo21,http://samsunggroupunion.org/gnu/bbs/board.php?bo_table=bbs_free&amp;wr_id=136293 삼성재벌규탄집회! 삼성생명 암보험계약자들은 왜? 목숨을 담보로 투쟁하는가! 삼성생명 보암모 암보험피해자들의 투쟁은 사회 공익적 차원의 정당한 투쟁이다!,https://twitter.com/sinojo21/status/1268820276575264769,1,1,
2020-06-05 08:21:18+00:00,2020-06-05,08:21:18,sinojo21,"http://samsunggroupunion.org/gnu/bbs/board.php?bo_table=bbs_free&amp;wr_id=136293 삼성재벌규탄집회! 삼성생명 암보험계약자들은 왜? 목숨을 담보로 투쟁하는가! 요양병원의 암입원치료가 간접치료라는 궤변으로 암보험입원금을 지급하지 않고, 생명농단과 인권유린을 하고 있다",https://twitter.com/sinojo21/status/1268820175769358336,0,0,
2020-06-05 08:20:52+00:00,2020-06-05,08:20:52,sinojo21,http://samsunggroupunion.org/gnu/bbs/board.php?bo_table=bbs_free&amp;wr_id=136293 삼성재벌규탄집회! 삼성생명 암보험계약자들은 왜? 목숨을 담보로 투쟁하는가! 삼성생명은 암보험 계약자들에게 온갖 변명과 암환자 C코드를 R코드로 서류 조작 약관 조작을 통해 보험금을 갈취 미지급하여 생명농단과 인권유린을 하고 있다.,https://twitter.com/sinojo21/status/1268820066948153345,0,0,
2020-06-05 08:20:02+00:00,2020-06-05,08:20:02,sinojo21,"http://samsunggroupunion.org/gnu/bbs/board.php?bo_table=bbs_free&amp;wr_id=136293 삼성재벌규탄집회! 삼성생명 암보험계약자들은 왜? 목숨을 담보로 투쟁하는가! 삼성생명은 요양병원 암입원 보험금을 직접치료가 아니라며 미지급하고, 보험금을 갈취하여 이건희에게 주식배당금을 지급하는 등 암보험피해자들의 분노에 삼성재벌은 사죄 배상하라!",https://twitter.com/sinojo21/status/1268819860139569152,0,0,
2020-06-05 08:18:08+00:00,2020-06-05,08:18:08,sinojo21,http://samsunggroupunion.org/gnu/bbs/board.php?bo_table=bbs_free&amp;wr_id=136293 삼성재벌규탄집회! 삼성생명 암보험계약자들은 왜? 목숨을 담보로 투쟁하는가! 삼성생명 본사 점거 142일차 3년 길거리투쟁하며 약관대로 보험금 지급을 요구하는 보암모 암보험피해자분들은 살고 싶다는 절박한 마음으로 시한부 삶을 사는 위급한 암환자다.,https://twitter.com/sinojo21/status/1268819380973912064,0,0,
2020-06-05 08:16:40+00:00,2020-06-05,08:16:40,sinojo21,http://samsunggroupunion.org/gnu/bbs/board.php?bo_table=bbs_free&amp;wr_id=136293 삼성재벌규탄집회! ‘유전무죄 무전유죄’ 이재용을 구속하라! 삼성생명 암보험계약자들은 왜? 목숨을 담보로 투쟁하는가! 6/3 보암모 삼성생명 본사 점거 142일차! 암환자들은 살고 싶다! 삼성생명은 약관대로 미지급 보험금을 지급하라!,https://twitter.com/sinojo21/status/1268819012407812096,0,0,
2020-06-05 08:10:28+00:00,2020-06-05,08:10:28,sinojo21,"http://samsunggroupunion.org/gnu/bbs/board.php?bo_table=bbs_free&amp;wr_id=136293 삼성재벌은 과천철대위, 삼성생명 암보험피해자, 중소기업피해자 모든 분들의 고통과 책임을 통감하고 삼성의 갑질과 횡포에 대해 삼성피해자들의 문제를 먼저 해결하지 못한 무능과 무책임에 대해 사죄와 용서를 빌어라",https://twitter.com/sinojo21/status/1268817451141062656,0,0,
2020-06-05 07:13:02+00:00,2020-06-05,07:13:02,up_spec,"한국생명의전화 X 삼성생명 ‘혼자라는 생각이 들 때, 함께 GO WALK’ (feat. 생활 속 거리두기)​ ",https://twitter.com/up_spec/status/1268802997124911104,1,0,
2020-06-05 05:30:15+00:00,2020-06-05,05:30:15,poltra051,"【돌발,사고】【5】중앙대로 현대해상→삼성생명 방향, 삼성생명 뒤 승합차-승용차 추돌, 구간 지체 #poltra",https://twitter.com/poltra051/status/1268777132282408960,0,0,#poltra
2020-06-05 05:16:49+00:00,2020-06-05,05:16:49,BusanTIC,"2020-06-05 14:12 동구-중앙대로214번길, 현대해상 - 삼성생명 방향, 삼성생명 뒤, 승합차, 승용차 추돌, 구간 지체.",https://twitter.com/BusanTIC/status/1268773750050131968,0,0,
2020-06-05 05:15:07+00:00,2020-06-05,05:15:07,TBNBusan,"중앙대로214번길, 초량현대해상 - 초량삼성생명 방향, 삼성생명 뒤에 승합차, 승용차의 추돌 사고가 났음. #tbnkorea",https://twitter.com/TBNBusan/status/1268773323560771584,0,0,#tbnkorea
2020-06-05 03:27:20+00:00,2020-06-05,03:27:20,sinojo21,http://go.jinbo.net/commune/view.php?board=cool&amp;id=52204&amp;page=1 6/3 삼성재벌규탄집회! ‘ 유전무죄 무전유죄’ 이재용을 구속하라! 삼성생명 보암모 암보험피해자 삼성생명본사 점거농성 142일! 과천철거민 반삼성 생존권투쟁 16년! 이재용 구속으로 ‘유전무죄 무전유죄’ 정경유착 끝장내자,https://twitter.com/sinojo21/status/1268746196241154048,0,0,
2020-06-05 03:11:18+00:00,2020-06-05,03:11:18,corea1,"[보도자료] 2020년 5월 월간 조선일보 광고불매, 1위 삼성전자 2위 삼성생명 3위 신한은행 | 다음카페 http://cafe.daum.net/stopcjd/UEr/2144?svc=cafeapi",https://twitter.com/corea1/status/1268742165284352002,0,1,
2020-06-04 22:34:50+00:00,2020-06-04,22:34:50,enhance,"""보험대출 따오면 추가 수수료""… 삼성생명, 코로나 틈타 고금리 영업 ",https://twitter.com/enhance/status/1268672588550565888,0,0,
2020-06-04 21:38:53+00:00,2020-06-04,21:38:53,uUVJc7Laum2eyVR,"＂보험대출 따오면 추가 수수료＂… 삼성생명, 코로나 틈타 고금리 영업 (출처 : 조선비즈 | 네이버 뉴스) http://naver.me/GxssQdZf 이러니 삼성 니 새끼들이 욕처먹는거야 이런 시국에도 지들 돈처벌궁리만 쳐하는것들~",https://twitter.com/uUVJc7Laum2eyVR/status/1268658507772882944,0,0,
2020-06-04 15:13:57+00:00,2020-06-04,15:13:57,2Otranso,삼성생명에 새 노조 설립…복수 노조 체제 시작,https://twitter.com/2Otranso/status/1268561636664545285,0,1,
2020-06-04 13:10:09+00:00,2020-06-04,13:10:09,suranecats,삼성생명과 삼성병원이 국민들 데이터를 가지고 영리병원을 추진하고 있으니...누가 고양이 목에 방울을 달겠어요. 노무현도 문재인도 개시민도 이재드래곤 주둥이만 보고 지원 못해줘서 안달인데요.,https://twitter.com/suranecats/status/1268530483077365761,0,1,
2020-06-04 06:33:11+00:00,2020-06-04,06:33:11,cha_young,"국세청, 삼성생명 세무조사 (출처 : 연합뉴스 | 네이버 뉴스) http://naver.me/GLYYYLBR",https://twitter.com/cha_young/status/1268430582989467649,0,1,
2020-06-04 05:30:51+00:00,2020-06-04,05:30:51,achorNews,삼성생명 등 보험업계 11곳 '마이데이터' 도전장 ,https://twitter.com/achorNews/status/1268414893255876608,0,0,
2020-06-04 01:16:33+00:00,2020-06-04,01:16:33,zdnetkorea,삼성생명 등 보험업계 11곳 '마이데이터' 도전장 http://dlvr.it/RXxPpy,https://twitter.com/zdnetkorea/status/1268350895789465605,0,1,
2020-06-04 00:49:19+00:00,2020-06-04,00:49:19,sinojo21,http://samsunggroupunion.org/gnu/bbs/board.php?bo_table=bbs_free&amp;wr_id=136293 6/3 삼성재벌규탄집회! ‘유전무죄 무전유죄’ 이재용을 구속하라! 삼성생명 보암모 암보험피해자 삼성생명본사 점거농성 142일! 과천철거민 반삼성 생존권투쟁 16년!,https://twitter.com/sinojo21/status/1268344043689275392,0,0,
2020-06-04 00:39:20+00:00,2020-06-04,00:39:20,Tkrkwl1110,삼성생명 홈페이지는 리뉴얼되었는데 도대체 누굴위한 리뉴얼인지? 진짜 드럽게 짜증난다 뭘 그렇게 늘려놔서 엄청 오래 누르고 들어가야한다.,https://twitter.com/Tkrkwl1110/status/1268341533436112897,0,0,
2020-06-03 22:18:43+00:00,2020-06-03,22:18:43,poltra02,"6월 4일 (목) 집회정보입니다. ○ 05:30∼ 응암4구역 삼호건설 공사현장 앞 ○ 11:00∼16:00 서초동 삼성생명 앞 ※행진:삼성생명→강남역8出→강남역5出→삼성생명(1.3km, 인도) ○ 14:00∼15:00 정부서울청사 앞 #poltra",https://twitter.com/poltra02/status/1268306143794786305,0,0,#poltra
2020-06-03 15:54:21+00:00,2020-06-03,15:54:21,lemon_candle001,"삼성생명에 십수년 납입했는데.. 어제 온 수익율 운용보고서 보니 마이너스 이율.. 납입원금도 못건질 상황 ㅜㅜ [단독] 변액유니버셜보험, 17년 지나도 원금 못 받아! ",https://twitter.com/lemon_candle001/status/1268209416001609728,0,0,
2020-06-03 13:14:40+00:00,2020-06-03,13:14:40,me01122_2,"삼성생명의 특별한 수요일 오후, 타종목 체험하며 팀 분위기는 UP (출처 : 점프볼 | 네이버 스포츠) http://naver.me/G5u3Uaff 유툽찍었나요??ㅋㅋㅋ",https://twitter.com/me01122_2/status/1268169231402590211,0,0,
2020-06-03 13:00:24+00:00,2020-06-03,13:00:24,sinojo21,"http://samsunggroupunion.org/gnu/bbs/board.php?bo_table=bbs_free&amp;wr_id=136276 5/27 삼성재벌규탄집회! 이재용, 사과문으로 석방될까! 보암모 암보험피해자 삼성생명본사 점거농성 135일 =&gt; 보암모 삼성생명 업무방해 금지 가처분신청 규탄 성명서",https://twitter.com/sinojo21/status/1268165640545660929,0,0,
2020-06-03 12:18:39+00:00,2020-06-03,12:18:39,ipopou,다른 곳은 다 준 요양병원 '암 입원' 보험금… 삼성생명만 안 주는 이유 http://ipopou.blog.me/221989046160,https://twitter.com/ipopou/status/1268155134703329280,0,0,
2020-06-03 10:59:07+00:00,2020-06-03,10:59:07,LuisU1287,"이제 내가 노무를 제공하는 턱밑까지 온 느낌! 나도 테헤란 고층서 노동, 같은 건물 수백의 삼성생명 인간들과 엘베타서 조우, 진짜 뒤통수 쎄리고픈 년놈들 천지다. 뭔 씨불임이 그리 많은지~~ 지금이 수도권 감염병 잡느냐의 기로에 선 순간이라 본다.... 좀 마니 참자....제발!",https://twitter.com/LuisU1287/status/1268135115512623105,0,1,
2020-06-03 10:31:27+00:00,2020-06-03,10:31:27,dud61755,"삼성생명 보험 가입율 꼴찌에서 첫번째,,,,ㅎㅎ",https://twitter.com/dud61755/status/1268128156067573763,0,0,
2020-06-03 07:28:25+00:00,2020-06-03,07:28:25,U_Sin_18YR,우와~!!! 삼성생명도 건물폐쇄하면... 삼성 현금 줄 끊길텐데.....,https://twitter.com/U_Sin_18YR/status/1268082094250405889,0,0,
2020-06-03 03:52:36+00:00,2020-06-03,03:52:36,mhkim1007,오늘 30도까지 올라간다구 삼성생명 날씨가 알려좃어요(?,https://twitter.com/mhkim1007/status/1268027780052074497,0,2,
2020-06-03 02:45:59+00:00,2020-06-03,02:45:59,Ffb3BO8kzbQmVvR,유용정보 - 광주 삼성생명 고객센터 알아보기 ,https://twitter.com/Ffb3BO8kzbQmVvR/status/1268011017969135616,0,0,
2020-06-02 09:44:39+00:00,2020-06-02,09:44:39,subbycall,"""보험료 달라” 하자 집회금지가처분 낸 삼성생명 https://youtu.be/Xcc7bdOygl4 출처 @YouTube",https://twitter.com/subbycall/status/1267753989749129216,0,0,
2020-06-02 08:28:49+00:00,2020-06-02,08:28:49,me01122_2,"여자농구, 올 시즌 샐러리캡 현황은? 우리은행 최고·삼성생명 최저 (출처 : 루키 | 네이버 스포츠) http://naver.me/54tMN9yS",https://twitter.com/me01122_2/status/1267734904625745922,0,0,
2020-06-02 05:31:20+00:00,2020-06-02,05:31:20,dailybizon,[데스크의눈] “어떻게 삼성생명이 이럴 수 있나요” ,https://twitter.com/dailybizon/status/1267690239373393921,1,2,
2020-06-02 05:25:22+00:00,2020-06-02,05:25:22,FN_Legal,[비조치의견서] [삼성생명]비조치의견서 요청서_200323 https://better.fsc.go.kr/user/extra/fsc/124/fsc_opinion/view/jsp/LayOutPage.do?opinionIdx=1710&amp;startReplyRegDate=2020-6-2&amp;endReplyRegDate=&amp;spage=1&amp;column=&amp;search=&amp;searchType=&amp;category=,https://twitter.com/FN_Legal/status/1267688737116286978,0,0,
2020-06-02 04:57:07+00:00,2020-06-02,04:57:07,sinojo21,http://samsunggroupunion.org/gnu/bbs/board.php?bo_table=bbs_free&amp;wr_id=136276 업무방해 금지 신청 삼성생명 규탄 성명서 국가제도 및 규정에 따라 보험에 가입한 암환자들이 말도 안되는 암입원 보험금 분쟁 때문에 제대로된 치료도 받지 못하여 목숨을 잃고 인권유린을 당하는 억울한 피해자가 되지 않도록 이제 정부가 나서주십시오.,https://twitter.com/sinojo21/status/1267681627368493060,0,0,
2020-06-02 04:55:52+00:00,2020-06-02,04:55:52,sinojo21,http://samsunggroupunion.org/gnu/bbs/board.php?bo_table=bbs_free&amp;wr_id=136276 업무방해 금지 신청 삼성생명 규탄 성명서 자본과 권력을 장악한 삼성생명의 무자비한 횡포와 불법에 속수무책인 우리 암환자들은 너무나 억울합니다. 암환자들은 살고 싶습니다,https://twitter.com/sinojo21/status/1267681316574650373,0,0,
2020-06-02 04:55:02+00:00,2020-06-02,04:55:02,sinojo21,"http://samsunggroupunion.org/gnu/bbs/board.php?bo_table=bbs_free&amp;wr_id=136276 업무방해 금지 신청 삼성생명 규탄 성명서 정의롭고 공정한 사회, 약자가 소외받지 않고 보호받는 사회를 외치는 정부는 사회적 약자인 암환자의 보호와 암보험금의 문제해결에 적극적으로 나설 것을 촉구합니다.",https://twitter.com/sinojo21/status/1267681104187715588,0,0,
2020-06-02 04:54:35+00:00,2020-06-02,04:54:35,sinojo21,http://samsunggroupunion.org/gnu/bbs/board.php?bo_table=bbs_free&amp;wr_id=136276 업무방해 금지 신청 삼성생명 규탄 성명서 금융감독원장 등은 대통령 임명권자로서 대통령의 업무를 대리하여 금융감독원의 업무를 수행하는 자로서 그 업무(보험금 지급권고)의 지시를 이행하지 않는 해당 보험사의 위법을 강력하게 처벌할 것을 촉구합니다.,https://twitter.com/sinojo21/status/1267680991318949889,0,0,
2020-06-02 04:53:47+00:00,2020-06-02,04:53:47,sinojo21,http://samsunggroupunion.org/gnu/bbs/board.php?bo_table=bbs_free&amp;wr_id=136276 업무방해 금지 신청 삼성생명 규탄 성명서 금융감독원이 암환자들과 보험사간 분쟁 관련 민원에서 금융소비자 보호를 계속 무기한 방기할 경우 금감원의 해체를 촉구합니다.,https://twitter.com/sinojo21/status/1267680790592106502,0,0,
2020-06-02 04:53:18+00:00,2020-06-02,04:53:18,sinojo21,http://samsunggroupunion.org/gnu/bbs/board.php?bo_table=bbs_free&amp;wr_id=136276 업무방해 금지 신청 삼성생명 규탄 성명서 금융감독원은 그 설립 목적이 금융질서를 확립하고 금융소비자 보호에 목적이 있음에도 금융소비자 보호는 뒤로 한 채 보험회사(특히 삼성생명보험사)를 보호하는 듯한 행보를 취하고 있습니다.,https://twitter.com/sinojo21/status/1267680667397091328,0,0,
2020-06-02 04:52:29+00:00,2020-06-02,04:52:29,sinojo21,"http://samsunggroupunion.org/gnu/bbs/board.php?bo_table=bbs_free&amp;wr_id=136276 업무방해 금지 신청 삼성생명 규탄 성명서 보험은 사고가 생길 경우 일정한 보험금액을 받기로 약정한 것으로, 그 가입자가 학력· 지위· 나이· 성별 등의 구별 없이 다수의 국민이 가입한 건강보험(암보험)의 분쟁 해결에 국가적 차원에서 적극 나서줄 것을 촉구합니다.",https://twitter.com/sinojo21/status/1267680462551408642,1,0,
2020-06-02 04:51:17+00:00,2020-06-02,04:51:17,sinojo21,http://samsunggroupunion.org/gnu/bbs/board.php?bo_table=bbs_free&amp;wr_id=136276 업무방해 금지 신청 삼성생명 규탄 성명서 선량한 암환자를 소송으로까지 유도하여 목숨을 위태롭게 하는 삼성생명을 엄히 처벌해 줄 것을 관계당국과 정부에 강력하게 촉구하는 바입니다.,https://twitter.com/sinojo21/status/1267680159391334401,1,0,
2020-06-02 04:50:47+00:00,2020-06-02,04:50:47,sinojo21,"http://samsunggroupunion.org/gnu/bbs/board.php?bo_table=bbs_free&amp;wr_id=136276 업무방해 금지 신청 삼성생명 규탄 성명서 지금까지 당국으로부터 그 어떤 규제나 처벌도 없이 여전히 암환자에 대한 횡포만 늘어가고 있습니다. 보암모는 보험가입설계서와 청약서, 보험증권에 규정된대로 정당한 보험금을 약관대로 지급할 것을 삼성생명에 촉구한다",https://twitter.com/sinojo21/status/1267680037295120384,3,0,
2020-06-02 04:49:27+00:00,2020-06-02,04:49:27,sinojo21,"http://samsunggroupunion.org/gnu/bbs/board.php?bo_table=bbs_free&amp;wr_id=136276 업무방해 금지 신청 삼성생명 규탄 성명서 자본과 권력을 가진 삼성생명이 보험금을 청구한 병약한 암환자들에게 가장 쉽게 하는 말은 그저 입만 열면 ‘법’으로 하라는 것인데, 오히려 삼성생명의 위법한 내용들이 비일비재 합니다.",https://twitter.com/sinojo21/status/1267679699607539714,1,0,
2020-06-02 04:48:45+00:00,2020-06-02,04:48:45,sinojo21,http://samsunggroupunion.org/gnu/bbs/board.php?bo_table=bbs_free&amp;wr_id=136276 업무방해 금지 신청 삼성생명 규탄 성명서 오로지 삼성생명에 유리한 판례만을 빌미로 암환자에 대한 입원금을 차별 지급하며 보험금을 삭감하거나 강제적으로 미지급해 오고 있습니다.,https://twitter.com/sinojo21/status/1267679525644591106,1,0,
2020-06-02 04:47:51+00:00,2020-06-02,04:47:51,sinojo21,"http://samsunggroupunion.org/gnu/bbs/board.php?bo_table=bbs_free&amp;wr_id=136276 업무방해 금지 신청 삼성생명 규탄 성명서 삼성생명은 보험계약은 관련 규정에 의해 체결된 만큼 보험금 지급문제도 보험약관 관련 규정을 준수하여야 함에도 불구하고, 암입원 보험금 청구인들에게 약관은 무시하고 미지급 근거규정도 입증하지 못하고 있다",https://twitter.com/sinojo21/status/1267679296807596032,1,0,
2020-06-02 04:45:30+00:00,2020-06-02,04:45:30,sinojo21,"http://samsunggroupunion.org/gnu/bbs/board.php?bo_table=bbs_free&amp;wr_id=136276 업무방해 금지 신청 삼성생명 규탄 성명서 현재 보험사와의 소송에 휘말린 암환자들은 계속 증가하는 중이며, 너무나 안타까운 이정자님의 사연은 청와대 국민청원 참조 내용을 통해서 확인 가능합니다.",https://twitter.com/sinojo21/status/1267678707298131968,0,0,
2020-06-02 04:44:12+00:00,2020-06-02,04:44:12,sinojo21,http://samsunggroupunion.org/gnu/bbs/board.php?bo_table=bbs_free&amp;wr_id=136276 업무방해 금지 신청 삼성생명 규탄 성명서 이정자님 역시 가입시 가입설계서· 청약서·보험증권·보험약관에도 없는 ‘직접치료’가 아니라는 이유로 지급받지 못했습니다.,https://twitter.com/sinojo21/status/1267678380524101632,0,0,
2020-06-02 04:42:55+00:00,2020-06-02,04:42:55,sinojo21,http://samsunggroupunion.org/gnu/bbs/board.php?bo_table=bbs_free&amp;wr_id=136276 업무방해 금지 신청 삼성생명 규탄 성명서 같은 항암기간· 동일한 치료· 동일한 병원· 동일한 약관 규정에도 불구하고 삼성생명으로부터는 지급을 받지 못했습니다.,https://twitter.com/sinojo21/status/1267678056300154881,0,0,
2020-06-02 04:42:28+00:00,2020-06-02,04:42:28,sinojo21,"http://samsunggroupunion.org/gnu/bbs/board.php?bo_table=bbs_free&amp;wr_id=136276 업무방해 금지 신청 삼성생명 규탄 성명서 보암모 공동대표인 이정자씨는 유방암 3기 진단 후 암 덩어리가 너무 커 수술도 어려워 선행항암치료를 먼저 받은 환자임에도, 이 기간 중 청구한 암입원 보험금을 타 보험회사에서는 약관에서 정한 3일내 지급받았으나,",https://twitter.com/sinojo21/status/1267677940549971969,0,0,
2020-06-02 04:41:27+00:00,2020-06-02,04:41:27,sinojo21,"http://samsunggroupunion.org/gnu/bbs/board.php?bo_table=bbs_free&amp;wr_id=136276 업무방해 금지 신청 삼성생명 규탄 성명서 보름이 넘도록 면담에 응하지 않아 불만이 극에 다다른 치료 중 암환자들이 점거농성에 이르렀고, 현재 132일째 6명의 암환자가 고립된 상태에서 삼성생명은 다시 4명의 암환자를 상대로 업무방해 금지 가처분 신청을 하였다",https://twitter.com/sinojo21/status/1267677685435625473,0,0,
2020-06-02 04:39:17+00:00,2020-06-02,04:39:17,sinojo21,"http://samsunggroupunion.org/gnu/bbs/board.php?bo_table=bbs_free&amp;wr_id=136276 업무방해 금지 신청 삼성생명 규탄 성명서 지난 12월 삼성생명은 합법적 절차에 의해 시위중인 보암모 공동대표를 6개의 억지 항목으로 고발장을 접수했고, 이에 항의하기 위해 보암모 회원들은 2020년 1월 14일 삼성생명 본사 고객창구에 들어가 면담을 요청했으나",https://twitter.com/sinojo21/status/1267677139924480000,0,0,
2020-06-02 04:38:10+00:00,2020-06-02,04:38:10,sinojo21,http://samsunggroupunion.org/gnu/bbs/board.php?bo_table=bbs_free&amp;wr_id=136276 업무방해 금지 신청 삼성생명 규탄 성명서 2018년 2월부터 시작하여 3년여에 걸쳐 관계당국에 수많은 진정서와 청원서를 제출하여 왔으나 문제 해결점이 보이지 않아 삼성생명 본사 앞에서 컨테이너를 설치해 놓고 장기간 릴레이 집회를 하고 있습니다.,https://twitter.com/sinojo21/status/1267676859476541443,0,0,
2020-06-02 04:36:33+00:00,2020-06-02,04:36:33,sinojo21,"http://samsunggroupunion.org/gnu/bbs/board.php?bo_table=bbs_free&amp;wr_id=136276 업무방해 금지 신청 삼성생명 규탄 성명서 삼성생명 보험회사로부터 약관에도 없는 ‘직접치료’가 아니라는 이유로, 보험 소비자의 권리를 박탈 당하며 집회장 또는 소송으로 내몰리고 있는 보암모 (보험사에 대응하는 암환우 모임) 회원들입니다.",https://twitter.com/sinojo21/status/1267676452096376833,0,0,
2020-06-02 04:35:46+00:00,2020-06-02,04:35:46,sinojo21,http://samsunggroupunion.org/gnu/bbs/board.php?bo_table=bbs_free&amp;wr_id=136276 업무방해 금지 신청 삼성생명 규탄 성명서 김근아 보암모 공동대표는 “소음을 내 어린이집 등 주변에 불편 끼쳐 미안한 마음”이라며 “하지만 우리도 피해자고 더 이상 물러설 곳이 없는 상태”다.,https://twitter.com/sinojo21/status/1267676255471591425,0,0,
2020-06-02 04:35:20+00:00,2020-06-02,04:35:20,sinojo21,http://samsunggroupunion.org/gnu/bbs/board.php?bo_table=bbs_free&amp;wr_id=136276 업무방해 금지 신청 삼성생명 규탄 성명서 금융감독원 앞에서도 시위해 보고 다 해봤지만 들어주지 않아 이곳 삼성본관과 삼성생명본사까지 왔다,https://twitter.com/sinojo21/status/1267676149083189250,0,0,
2020-06-02 04:33:35+00:00,2020-06-02,04:33:35,sinojo21,http://samsunggroupunion.org/gnu/bbs/board.php?bo_table=bbs_free&amp;wr_id=136276 보암모 집회금지 가처분 삼성생명 규탄 성명서 삼성생명 업무방해 금지 가처분 신청에 대해 삼성생명 보암모 암보헙피해자들은 주변에 피해를 주고 있는 점에 대해 미안한 마음이지만 더 물러설 곳이 없다,https://twitter.com/sinojo21/status/1267675707120869376,0,0,
2020-06-01 23:45:09+00:00,2020-06-01,23:45:09,covskbcm218,"삼성생명, 삼성중공업 주식 6만7964주 장내매수",https://twitter.com/covskbcm218/status/1267603122530082816,0,0,
2020-06-01 13:48:43+00:00,2020-06-01,13:48:43,sweetca88,[삼성생명] 책임지는 인생금융 (라떼는 말이야) https://youtu.be/9Lf3HeoU75Y via @YouTube I searched this because of Kim Jongin ,https://twitter.com/sweetca88/status/1267453021975240705,0,0,
2020-06-01 07:38:39+00:00,2020-06-01,07:38:39,doublemintcho,오늘은 강남역 인근 공유오피스로 출근했는데 삼성생명에서 암환자 보험금 못 받은 환자들이 규탄 시위 하고 있나본데 너무 가슴찢어지게 살려주세요 하고 우는 소리가 계속 이어져서 나도 막 눈물날 거 같고 어쩔줄 모르겠다,https://twitter.com/doublemintcho/status/1267359893402468352,0,6,
2020-06-01 03:26:21+00:00,2020-06-01,03:26:21,sinojo21,"http://samsunggroupunion.org/gnu/bbs/board.php?bo_table=bbs_free&amp;wr_id=136276 보암모 암보험피해자 삼성생명본사 점거농성 135일 연합뉴스= ""환자마다 치료 내용이 다르고 상고심에서 결과가 뒤집힐 수 있기에 이번 판결로 삼성생명의 거절이 모두 타당하다고 해석할 수 없다"" 고 덧붙였다.",https://twitter.com/sinojo21/status/1267296397700685825,3,2,
2020-06-01 03:25:39+00:00,2020-06-01,03:25:39,sinojo21,"http://samsunggroupunion.org/gnu/bbs/board.php?bo_table=bbs_free&amp;wr_id=136276 보암모 암보험피해자 삼성생명본사 점거농성 135일 연합뉴스= 업계 관계자는, ""비슷한 사안에 다른 생보사는 대체로 정부의 지급 권고를 수용하는 편이지만 삼성생명의 대응은 '소송에서 가려보자'는 식""이다",https://twitter.com/sinojo21/status/1267296223410544640,2,2,
2020-06-01 03:24:43+00:00,2020-06-01,03:24:43,sinojo21,"http://samsunggroupunion.org/gnu/bbs/board.php?bo_table=bbs_free&amp;wr_id=136276 보암모 암보험피해자 삼성생명본사 점거농성 135일 연합뉴스= 실제로 요양병원에서 입원한 채로 암 치료를 받은 한 환자는 암 입원비를 지급하라며 삼성생명을 상대로 소송을 냈지만, 이달 15일 항소심에서 패소했다.",https://twitter.com/sinojo21/status/1267295987166404610,0,0,
2020-06-01 03:23:20+00:00,2020-06-01,03:23:20,sinojo21,"http://samsunggroupunion.org/gnu/bbs/board.php?bo_table=bbs_free&amp;wr_id=136276 보암모 암보험피해자 삼성생명본사 점거농성 135일 연합뉴스= 삼성생명은 ""암 입원비는 암 치료와 직접 연관이 있는 입원 치료에 지급되고, 직접 연관이 없는 장기 입원은 일반 입원비가 적용된다""며 "" 요양병원 입원은 암 치료와 직접 연관성은 없다""고 주장했다.",https://twitter.com/sinojo21/status/1267295641912217600,0,0,
2020-06-01 03:21:43+00:00,2020-06-01,03:21:43,sinojo21,http://samsunggroupunion.org/gnu/bbs/board.php?bo_table=bbs_free&amp;wr_id=136276 보암모 암보험피해자 삼성생명본사 점거농성 135일 연합뉴스= 암 환자들은 삼성생명이 보험 약관에서 약속한 대로 암 입원비를 지급해야 한다고 요구하며 입원 장소가 요양병원이라는 이유로 지급을 거절하는 것은 약관을 자의적으로 해석하는 것이라며 비판한다.,https://twitter.com/sinojo21/status/1267295232585949184,3,4,
2020-06-01 03:20:27+00:00,2020-06-01,03:20:27,sinojo21,http://samsunggroupunion.org/gnu/bbs/board.php?bo_table=bbs_free&amp;wr_id=136276 보암모 암보험피해자 삼성생명본사 점거농성 135일 연합뉴스= 암 입원비 분쟁의 핵심 쟁점은 암 환자의 요양병원 입원에 암 입원비 지급 여부다. 주요 대형병원은 환자의 입원을 허용하지 않기 때문에 일부 암 환자들은 요양병원에 입원한 채로 치료를 받는다.,https://twitter.com/sinojo21/status/1267294915840466946,0,0,
2020-06-01 03:10:29+00:00,2020-06-01,03:10:29,sinojo21,http://samsunggroupunion.org/gnu/bbs/board.php?bo_table=bbs_free&amp;wr_id=136276 보암모 암보험피해자 삼성생명본사 점거농성 135일 연합뉴스= 암 입원비를 둘러싼 삼성생명과 가입자들의 분쟁은 계속 이어졌다. 작년과 올해 3월 말까지 금감원이 처리한 암 입원비 분쟁은 1천298건이며 그 가운데 절반이 넘는 720건이 삼성생명에 제기된 민원이다.,https://twitter.com/sinojo21/status/1267292407965421569,0,0,
2020-06-01 03:09:40+00:00,2020-06-01,03:09:40,dud61755,"삼성생명 가입율 꼴찌에서 1번째,,,ㅋㅋㅋ",https://twitter.com/dud61755/status/1267292199101685760,0,0,
2020-06-01 03:09:29+00:00,2020-06-01,03:09:29,sinojo21,http://samsunggroupunion.org/gnu/bbs/board.php?bo_table=bbs_free&amp;wr_id=136276 보암모 암보험피해자 삼성생명본사 점거농성 135일 연합뉴스= 삼성생명으로부터 암 입원비 지급을 거절당한 환자들은 '보험사에 대응하는 암환우 모임(보암모)' 등 단체를 만들어 시위를 이어가며 보험금을 지급하라고 압박하고 있다.,https://twitter.com/sinojo21/status/1267292155870982149,0,0,
2020-06-01 03:09:05+00:00,2020-06-01,03:09:05,sinojo21,http://samsunggroupunion.org/gnu/bbs/board.php?bo_table=bbs_free&amp;wr_id=136276 보암모 암보험피해자 삼성생명본사 점거농성 135일 연합뉴스= 삼성생명의 전부 수용 비율은 2018년 27.2%보다는 많이 높아졌지만 여전히 경쟁사들보다 훨씬 저조한 것이다,https://twitter.com/sinojo21/status/1267292053685198853,0,0,
2020-06-01 03:08:25+00:00,2020-06-01,03:08:25,sinojo21,http://samsunggroupunion.org/gnu/bbs/board.php?bo_table=bbs_free&amp;wr_id=136276 보암모 암보험피해자 삼성생명본사 점거농성 135일 연합뉴스= 2020년 올해 들어 3월말까지도 삼성생명은 암 입원비를 지급하라는 금감원의 권고를 64.4%만 그대로 따랐다. 삼성생명을 제외한 나머지 업체는 모두 100% 지급권고를 전부 수용했다.,https://twitter.com/sinojo21/status/1267291887561392129,3,2,
2020-06-01 03:07:34+00:00,2020-06-01,03:07:34,sinojo21,"http://samsunggroupunion.org/gnu/bbs/board.php?bo_table=bbs_free&amp;wr_id=136276 보암모 암보험피해자 삼성생명본사 점거농성 135일 연합뉴스= 그 외 AIA생명, 미래에셋생명, 푸르덴셜생명, 오렌지라이프, 농협생명 등 다른 생보사들은 모두 당국의 암 입원비 지급권고를 100% 수용했다.",https://twitter.com/sinojo21/status/1267291670921375745,0,0,
2020-06-01 03:07:03+00:00,2020-06-01,03:07:03,sinojo21,http://samsunggroupunion.org/gnu/bbs/board.php?bo_table=bbs_free&amp;wr_id=136276 보암모 암보험피해자 삼성생명본사 점거농성 135일 연합뉴스= 그러나 다른 경쟁사는 모두 지급권고 전부 수용 비율이 90%를 웃돌았다. 한화생명과 교보생명의 전부 수용 비율은 각각 90.9%와 95.5%를 기록했다.,https://twitter.com/sinojo21/status/1267291542940606464,0,0,
2020-06-01 03:06:28+00:00,2020-06-01,03:06:28,sinojo21,http://samsunggroupunion.org/gnu/bbs/board.php?bo_table=bbs_free&amp;wr_id=136276 보암모 암보험피해자 삼성생명본사 점거농성 135일 연합뉴스= 업계 1위 삼성생명은 296건 중 186건에 대해서만 암 입원비를 전부 지급하고 33.1%에 해당하는 98건은 일부만 수용했고 4.1%인 12건은 지급권고를 전혀 수용하지 않았다.,https://twitter.com/sinojo21/status/1267291394252566528,0,0,
2020-06-01 03:05:41+00:00,2020-06-01,03:05:41,sinojo21,http://samsunggroupunion.org/gnu/bbs/board.php?bo_table=bbs_free&amp;wr_id=136276 보암모 암보험피해자 삼성생명본사 점거농성 135일 연합뉴스= 지난해 금감원의 지급권고에 대한 삼성생명의 '전부 수용' 비율은 62.8%로 나타났다.,https://twitter.com/sinojo21/status/1267291200416911360,0,0,
2020-06-01 03:04:55+00:00,2020-06-01,03:04:55,sinojo21,http://samsunggroupunion.org/gnu/bbs/board.php?bo_table=bbs_free&amp;wr_id=136276 보암모 암보험피해자 삼성생명본사 점거농성 135일 연합뉴스= 최근 2∼3년간 암 입원비 지급 거절로 분쟁에 휘말린 삼성생명이 보험금을 지급하라는 금융당국 권고를 수용하는 데에 다른 생보사에 비해 여전히 소극적인 것으로 나타났다.,https://twitter.com/sinojo21/status/1267291004643598337,0,0,
2020-06-01 03:04:21+00:00,2020-06-01,03:04:21,sinojo21,"http://samsunggroupunion.org/gnu/bbs/board.php?bo_table=bbs_free&amp;wr_id=136276 보암모 암보험피해자 삼성생명본사 점거농성 135일 당국은 주라는데도.. 삼성생명, 암입원비 지급권고 수용 '꼴찌' '전부 수용' 비율 63%..다른 생보사는 90∼100% 수용률 삼성생명 ""암 치료와 직접 관련 없어 지급 거절""",https://twitter.com/sinojo21/status/1267290863941505024,0,0,
2020-06-01 03:03:41+00:00,2020-06-01,03:03:41,sinojo21,http://samsunggroupunion.org/gnu/bbs/board.php?bo_table=bbs_free&amp;wr_id=136276 보암모 암보험피해자 삼성생명본사 점거농성 135일 항암치료기간 중 입원보험금도 못 받으면 입원보험금은 도대체 언제 지급받을 수 있는 보험인가요? 암환자를 소송으로 몰고 가는 삼성생명 규탄한다,https://twitter.com/sinojo21/status/1267290697209503744,0,0,
2020-06-01 03:02:39+00:00,2020-06-01,03:02:39,sinojo21,"http://samsunggroupunion.org/gnu/bbs/board.php?bo_table=bbs_free&amp;wr_id=136276 보암모 암보험피해자 삼성생명본사 점거농성 135일 암입원보험금을 청구하니 타 보험사는 3일 내 지급한 보험금을,삼성생명은 암치료가 아니라며 미지급했다. 당연히 이길거라 소송했지만 삼성이라서일까요? 1심ㆍ2심 모두 최근 패소했습니다.",https://twitter.com/sinojo21/status/1267290434889560065,0,0,
2020-06-01 03:01:43+00:00,2020-06-01,03:01:43,sinojo21,"http://samsunggroupunion.org/gnu/bbs/board.php?bo_table=bbs_free&amp;wr_id=136276 보암모 암보험피해자 삼성생명본사 점거농성 135일 삼성생명 본사 점거농성하며 죽음을 담보로 싸우고 있는 보암모 암보험피해자들에게 사죄 배상하라! 타보험사는 3일내 지급한 보험금을, 삼성생명은 암치료가 아니라며 미지급했다",https://twitter.com/sinojo21/status/1267290199026876416,0,0,
2020-06-01 03:00:49+00:00,2020-06-01,03:00:49,sinojo21,http://samsunggroupunion.org/gnu/bbs/board.php?bo_table=bbs_free&amp;wr_id=136276 보암모 암보험피해자 삼성생명본사 점거농성 135일 삼성생명 업무방해 금지 가처분 신청 기만이다 어린이집 등 지역주민을 위해 약관대로 보험금을 지급하라! 항암치료에 직접치료 간접치료 기만이다,https://twitter.com/sinojo21/status/1267289972295360512,0,0,
