timestamp,date,time,user_name,text,link,retweet_counts,favorites_counts,hashtags
2020-06-11 02:48:39+00:00,2020-06-11,02:48:39,suhghbahg7,"KB금융, 3분기 펀더멘털 이상 무…저가 매수 대응 유효 ""-신한투자",https://twitter.com/suhghbahg7/status/1270910790900396033,0,0,
2020-06-11 02:34:08+00:00,2020-06-11,02:34:08,yong5807,신한금융의 '따뜻한 금융' 코로나19 사태속에서 어떤 역할을 할까? ,https://twitter.com/yong5807/status/1270907135560306689,1,1,
2020-06-10 23:21:14+00:00,2020-06-10,23:21:14,sungchi,신한금융그룹이 왜 이런걸 만들었는지가 궁금 ㅋㅋ ,https://twitter.com/sungchi/status/1270858592518733824,1,1,
2020-06-10 20:45:12+00:00,2020-06-10,20:45:12,hangugbj,유니폼 금감원은 최근 한 달간 신한은행·카드·캐피탈·생명 등 신한금융그룹 계열사를 조사한 결과 총 22건의 특혜채용 정황이 확인됐다고 11일 발표한 바 있다.,https://twitter.com/hangugbj/status/1270819326522580992,0,0,
2020-06-10 10:48:37+00:00,2020-06-10,10:48:37,suhghbahg7,"신한생명, (무)신한유니버설6大건강종신보험 출시",https://twitter.com/suhghbahg7/status/1270669191561900034,0,0,
2020-06-10 06:52:47+00:00,2020-06-10,06:52:47,yong5807,신한금융의 (따뜻한 금융)이 코로나 시대에 어떻게 기여를 할 것인가? http://www.fetimes.co.kr/news/articleView.html?idxno=92837,https://twitter.com/yong5807/status/1270609842785280000,1,1,
2020-06-10 05:11:39+00:00,2020-06-10,05:11:39,magddung3,신한금융 현대차 SK LG유플러스 셀트리온 손잡고 신생기업 육성 신한퓨처스랩 출범 기업 모집 /569,https://twitter.com/magddung3/status/1270584391413100544,0,0,
2020-06-10 01:37:49+00:00,2020-06-10,01:37:49,yong5807,신한금융의 '고객과 동행' '따뜻한 금융'의 본질 http://www.fetimes.co.kr/news/articleView.html?idxno=92837,https://twitter.com/yong5807/status/1270530578429825024,1,1,
2020-06-10 01:19:02+00:00,2020-06-10,01:19:02,newswire_fn,"신한카드, 신한페이판 ‘마이헬스케어’ 서비스 출시 ",https://twitter.com/newswire_fn/status/1270525851348504576,0,0,
2020-06-10 00:50:06+00:00,2020-06-10,00:50:06,ad674,"신한금융, 스타트업 지원 프로그램 ‘신한퓨처스랩’ 6-2기 모집 ",https://twitter.com/ad674/status/1270518569252446208,0,0,
2020-06-10 00:20:45+00:00,2020-06-10,00:20:45,erissue,"신한금융, 스타트업 액셀러레이터 '신한퓨처스랩' 6-2기 모집 http://www.econovill.com/news/articleView.html?idxno=400284",https://twitter.com/erissue/status/1270511183057977346,0,0,
2020-06-09 10:04:48+00:00,2020-06-09,10:04:48,cbcnews_,"신한금융그룹, 금융 뉴딜정책 실시 … 경제 인프라 강화 ",https://twitter.com/cbcnews_/status/1270295776799756288,0,0,
2020-06-09 07:11:16+00:00,2020-06-09,07:11:16,i_ilyo,새 지급여력제도상 부동산 많을수록 준비금 더 쌓아야…부동산 가격 상승·수익성 급감 이유도 #삼성생명 #킥스 #보험사 #현대해상 #신한생명 #MG손해보험 #KB손해보험,https://twitter.com/i_ilyo/status/1270252102367862784,0,0,#MG #KB
2020-06-09 05:57:49+00:00,2020-06-09,05:57:49,higili12,"#시사TIMES :: 밀알복지재단-신한금융희망재단, 소상공인 위한 IT서비스 지원 확대 ‘신한SO好(소호)성공프로젝트’ 서비스 1년간 무상 제공[시사타임즈 = 이미선 기자] 밀알복지재단(이사장 홍정길)은 신한금융희망재단(이사장 조용병... http://timesisa.com//news/view.html?page=5&amp;section=93&amp;category=98&amp;no=25910",https://twitter.com/higili12/status/1270233621387862026,2,0,
2020-06-09 04:17:12+00:00,2020-06-09,04:17:12,Kimisnim____,써본 금융 앱들 중에서는 신한&gt;&gt;&gt;하나=농협&gt;&gt;씨티=대우&gt;&gt;국민&gt;&gt;우리 였다 체감상...,https://twitter.com/Kimisnim____/status/1270208300827566080,5,2,
2020-06-09 02:54:34+00:00,2020-06-09,02:54:34,GlobalFinanceRe,"신한금융투자, 베트남 GELEX 회사채 리파이낸싱 대표주관 완료 ",https://twitter.com/GlobalFinanceRe/status/1270187505673879552,0,0,
2020-06-09 02:22:10+00:00,2020-06-09,02:22:10,wating_V9,예금통장 때문에 깔았다가 일주일도 안돼서 삭제하고 신한 오픈뱅킹으로 보잖어..1금융권 킹갓1등 은행 누구~? 신한은행이지~ 얘들아 오늘도 쏠야구 쏠픽/쏠퀴즈 잊지 마,https://twitter.com/wating_V9/status/1270179349866545152,0,0,
2020-06-09 01:54:04+00:00,2020-06-09,01:54:04,newswire_fn,"신한금융투자, 베트남 GELEX 회사채 리파이낸싱 대표주관 완료 ",https://twitter.com/newswire_fn/status/1270172280086118400,0,0,
2020-06-08 09:09:45+00:00,2020-06-08,09:09:45,CheilWorldwide,금융권 최초의 멤버십 혜택과 금융거래를 결합한 금융 플랫폼 『신한플러스 멤버십』 ⠀ ‘최대 14만 원 먼저 받고 시작하는 신한플러스 멤버십편’ ,https://twitter.com/CheilWorldwide/status/1269919535571726337,0,0,
2020-06-08 08:06:16+00:00,2020-06-08,08:06:16,cbcnews_,"신한금융그룹, 소상공인 온라인 진출 프로젝트 런칭 기획전 … “가치삽시다” 진행 ",https://twitter.com/cbcnews_/status/1269903555759976449,0,0,
2020-06-08 07:38:46+00:00,2020-06-08,07:38:46,ad674,"신한금융그룹, '신한 N.E.O. 프로젝트' 추진 ",https://twitter.com/ad674/status/1269896637440122880,0,0,
2020-06-08 05:48:56+00:00,2020-06-08,05:48:56,ghostinthex,"윤씨는 평소 호형호제하는 정치권 실세 C씨를 통해 신한금융지주 회장에게 로비, B임원에게 압력을 넣어 신한금융투자의 펀드 환매 요청을 막았다 브로커 윤씨는 그 대가로 이씨에게 7억원을 받아 C씨에게 전달했다고 밝혔다 ",https://twitter.com/ghostinthex/status/1269868996246953986,0,0,
2020-06-08 05:48:15+00:00,2020-06-08,05:48:15,wooriecono,"신한금투, 금융상품 절차 전면 개편…소비자 보호 강화 ‘방점’ | 우리경제신문 ",https://twitter.com/wooriecono/status/1269868823701712901,0,0,
2020-06-08 05:32:19+00:00,2020-06-08,05:32:19,erissue,"신한금융, 한국판 뉴딜정책 85조원 투입...5년간 6700명 채용 http://www.econovill.com/news/articleView.html?idxno=400005",https://twitter.com/erissue/status/1269864814706192390,0,0,
2020-06-08 04:42:50+00:00,2020-06-08,04:42:50,higili12,"시사타임즈 :: 밀알복지재단-신한금융희망재단, 소상공인 위한 IT서비스 지원 확대 ‘신한SO好(소호)성공프로젝트’ 서비스 1년간 무상 제공[시사타임즈 = 이미선 기자] 밀알복지재단(이사장 홍정길)은 신한금융희망재단(이사장 조용병... http://timesisa.com//news/view.html?page=4&amp;section=93&amp;category=98&amp;no=25910",https://twitter.com/higili12/status/1269852362421633025,2,0,
2020-06-08 01:48:01+00:00,2020-06-08,01:48:01,koreanewswire,"신한금융투자, 금융상품관련 내부통제 강화 ",https://twitter.com/koreanewswire/status/1269808369461637120,0,0,
2020-06-08 01:44:01+00:00,2020-06-08,01:44:01,newswire_fn,"신한금융투자, 금융상품관련 내부통제 강화 https://www.newswire.co.kr/newsRead.php?no=906026",https://twitter.com/newswire_fn/status/1269807361352335367,0,0,
2020-06-07 15:55:49+00:00,2020-06-07,15:55:49,gleezliz,너무나도 선명한... “ 신한금융그룹 ” ...... ,https://twitter.com/gleezliz/status/1269659336239755264,1,5,
2020-06-07 05:03:14+00:00,2020-06-07,05:03:14,GlobalFinanceRe,"신한BNP파리바운용, 국내 태양광 활성화 5200억 펀드 조성 ",https://twitter.com/GlobalFinanceRe/status/1269495106203086848,0,0,
2020-06-05 16:32:39+00:00,2020-06-05,16:32:39,GlobalFinanceRe,"신한·우리은행, 라임펀드 피해고객 50% 先지급 ",https://twitter.com/GlobalFinanceRe/status/1268943829815529472,0,0,
2020-06-05 08:59:15+00:00,2020-06-05,08:59:15,Java_Project,"*신한생명/오렌지라이프 - Newlife 스킬 : JAVA, MDD (영업관리/융자/사고지급/보험금산출) 기간 : 07월 ~ 20M/M 등급 : 고급~중급 4명 장소 : 시청역",https://twitter.com/Java_Project/status/1268829729089445889,0,0,
2020-06-05 08:55:29+00:00,2020-06-05,08:55:29,Java_Project,*신한생명/오렌지라이프 - IT (운영) 스킬 : JAVA (AA/가입설계/재무회계/사이버창구/비대면TM(TM영업지원)/계리/재보험/상품) 기간 : 06.15 ~ 2022.03 등급 : 고급~초급(상) 00명 장소 : 을지로3가역 (OR 시청역),https://twitter.com/Java_Project/status/1268828779310280704,0,0,
2020-06-05 08:44:20+00:00,2020-06-05,08:44:20,newsfc2023,"신한·우리은행, 라임 펀드 50% 수준 선지급 결정 ",https://twitter.com/newsfc2023/status/1268825974314958848,0,0,
2020-06-05 07:53:38+00:00,2020-06-05,07:53:38,hunting_down_,류다가 아닌 거신한테는 친구도 마땅한 동료도 동반자도 부모도 자식도 없는... 개별 존재겟지만 정말 간만에 깨어난 거기도 하겟고.. 류다의 기억을 공유하니까 그 절박함이 어떤지 알아서 피피 들어올려 도울듯요 ㄱㅡ 너는 희망을 불러올 수 있을 거다. 자라나고 쇠락하는 것이 생명의 섭리임에도,https://twitter.com/hunting_down_/status/1268813214860472322,0,2,
2020-06-04 22:02:19+00:00,2020-06-04,22:02:19,zS1BWCqrtUEIBXA,"미추홀종합사회복지관, 착한소비 희망상자 지원사업 사회복지법인 대한불교조계종사회복지재단에서 위탁 운영하는 미추홀종합사회복지관이 지역경제 활성화를 위한 착한소비, 희망상자 지원사업 ‘희망상자 전달식’을 열었다. 신한금융그룹, 신한금융희망재단 후원, 사회복지공동모금 인천 한현섭기자 ",https://twitter.com/zS1BWCqrtUEIBXA/status/1268664404423225344,1,2,
2020-06-04 09:45:12+00:00,2020-06-04,09:45:12,hangugbj,유니폼 금감원은 최근 한 달간 신한은행·카드·캐피탈·생명 등 신한금융그룹 계열사를 조사한 결과 총 22건의 특혜채용 정황이 확인됐다고 11일 발표한 바 있다.,https://twitter.com/hangugbj/status/1268478904097927170,0,0,
2020-06-04 05:45:23+00:00,2020-06-04,05:45:23,GlobalFinanceRe,"신한·하나금융, 글로벌 첫 협력···10억달러 아프리카 신디케이션론 ",https://twitter.com/GlobalFinanceRe/status/1268418553121656832,0,0,
2020-06-04 04:09:01+00:00,2020-06-04,04:09:01,newswire_fn,"신한금융투자, ‘현대 안다 인컴트리 리츠 부동산 펀드’ 판매 ",https://twitter.com/newswire_fn/status/1268394301324550144,0,0,
2020-06-04 02:02:32+00:00,2020-06-04,02:02:32,womancs_1221,"신한-하나銀, 10억달러 규모 아프리카 신디케이션론 금융약정 ",https://twitter.com/womancs_1221/status/1268362469912612866,0,0,
2020-06-03 12:35:11+00:00,2020-06-03,12:35:11,bobabova,"저도 금융주 하나,케이비,신한 매집중이었는데 요근래 날라가 버려서 다른 종류 찾고 있습니다 ",https://twitter.com/bobabova/status/1268159292227465217,0,1,
2020-06-03 04:15:13+00:00,2020-06-03,04:15:13,hangugbj,유니폼 금감원은 최근 한 달간 신한은행·카드·캐피탈·생명 등 신한금융그룹 계열사를 조사한 결과 총 22건의 특혜채용 정황이 확인됐다고 11일 발표한 바 있다.,https://twitter.com/hangugbj/status/1268033471361937410,0,0,
2020-06-03 02:02:55+00:00,2020-06-03,02:02:55,soksim13,"밀알복지재단-신한금융희망재단, 소상공인 위한 IT서비스 지원 확대 ‘신한SO好(소호)성공프로젝트’ 서비스 1년간 무상 제공[시사타임즈 = 이미선 기자] 밀알복지재단(이사장 홍정길)은 신한금융희망재단(이사장 조용병... http://timesisa.com//news/view.html?section=93&amp;category=98&amp;item=&amp;no=25910",https://twitter.com/soksim13/status/1268000178092441600,2,0,
2020-06-03 02:02:45+00:00,2020-06-03,02:02:45,soksim13,"#시사타임즈::밀알복지재단-신한금융희망재단, 소상공인 위한 IT서비스 지원 확대 ‘신한SO好(소호)성공프로젝트’ 서비스 1년간 무상 제공[시사타임즈 = 이미선 기자] 밀알복지재단(이사장 홍정길)은 신한금융희망재단(이사장 조용병... http://timesisa.com//news/view.html?section=93&amp;category=98&amp;item=&amp;no=25910",https://twitter.com/soksim13/status/1268000137487413248,2,0,
2020-06-03 02:01:40+00:00,2020-06-03,02:01:40,soksim12,"밀알복지재단-신한금융희망재단, 소상공인 위한 IT서비스 지원 확대 ‘신한SO好(소호)성공프로젝트’ 서비스 1년간 무상 제공[시사타임즈 = 이미선 기자] 밀알복지재단(이사장 홍정길)은 신한금융희망재단(이사장 조용병... http://timesisa.com//news/view.html?section=93&amp;category=98&amp;item=&amp;no=25910",https://twitter.com/soksim12/status/1267999862554947584,2,0,
2020-06-03 02:01:36+00:00,2020-06-03,02:01:36,soksim12,"#시사타임즈::밀알복지재단-신한금융희망재단, 소상공인 위한 IT서비스 지원 확대 ‘신한SO好(소호)성공프로젝트’ 서비스 1년간 무상 제공[시사타임즈 = 이미선 기자] 밀알복지재단(이사장 홍정길)은 신한금융희망재단(이사장 조용병... http://timesisa.com//news/view.html?section=93&amp;category=98&amp;item=&amp;no=25910",https://twitter.com/soksim12/status/1267999846436179968,2,0,
2020-06-03 01:59:43+00:00,2020-06-03,01:59:43,soksim2965,"밀알복지재단-신한금융희망재단, 소상공인 위한 IT서비스 지원 확대 ‘신한SO好(소호)성공프로젝트’ 서비스 1년간 무상 제공[시사타임즈 = 이미선 기자] 밀알복지재단(이사장 홍정길)은 신한금융희망재단(이사장 조용병... http://timesisa.com//news/view.html?section=93&amp;category=98&amp;item=&amp;no=25910",https://twitter.com/soksim2965/status/1267999372920254464,3,0,
2020-06-03 01:59:35+00:00,2020-06-03,01:59:35,soksim2965,"#시사타임즈::밀알복지재단-신한금융희망재단, 소상공인 위한 IT서비스 지원 확대 ‘신한SO好(소호)성공프로젝트’ 서비스 1년간 무상 제공[시사타임즈 = 이미선 기자] 밀알복지재단(이사장 홍정길)은 신한금융희망재단(이사장 조용병... http://timesisa.com//news/view.html?section=93&amp;category=98&amp;item=&amp;no=25910",https://twitter.com/soksim2965/status/1267999340888576000,3,0,
2020-06-03 01:37:02+00:00,2020-06-03,01:37:02,sisat12,"밀알복지재단-신한금융희망재단, 소상공인 위한 IT서비스 지원 확대 ‘신한SO好(소호)성공프로젝트’ 서비스 1년간 무상 제공[시사타임즈 = 이미선 기자] 밀알복지재단(이사장 홍정길)은 신한금융희망재단(이사장 조용병... http://timesisa.com//news/view.html?section=93&amp;category=98&amp;item=&amp;no=25910",https://twitter.com/sisat12/status/1267993662627045376,0,0,
2020-06-03 01:36:34+00:00,2020-06-03,01:36:34,higili12,"#시사타임즈 :: 밀알복지재단-신한금융희망재단, 소상공인 위한 IT서비스 지원 확대 ‘신한SO好(소호)성공프로젝트’ 서비스 1년간 무상 제공[시사타임즈 = 이미선 기자] 밀알복지재단(이사장 홍정길)은 신한금융희망재단(이사장 조용병... http://timesisa.com//news/view.html?section=93&amp;category=98&amp;item=&amp;no=25910",https://twitter.com/higili12/status/1267993547837337601,2,0,
2020-06-03 01:36:28+00:00,2020-06-03,01:36:28,higili12,"밀알복지재단-신한금융희망재단, 소상공인 위한 IT서비스 지원 확대 ‘신한SO好(소호)성공프로젝트’ 서비스 1년간 무상 제공[시사타임즈 = 이미선 기자] 밀알복지재단(이사장 홍정길)은 신한금융희망재단(이사장 조용병... http://timesisa.com//news/view.html?section=93&amp;category=98&amp;item=&amp;no=25910",https://twitter.com/higili12/status/1267993520251396096,2,0,
2020-06-02 23:55:54+00:00,2020-06-02,23:55:54,Park_Youngsun,"[200603 오늘의 조간2] 소상공인 온라인 진출 지원 프로젝트 ‘희망으로 같이가게’ (매경) 소상공인 온라인 진출 지원 (머투) 신한금융, 소상공인 ‘온라인 장터’ 개장 (한경) 신한금융.중기부, 소상공인 지원 (세계) 중기부.신한금융 ‘소상공인 지원’ 진행 ",https://twitter.com/Park_Youngsun/status/1267968215268786176,46,68,
2020-06-02 19:11:45+00:00,2020-06-02,19:11:45,jaeheetheme,어젠가?신한생명도 부동산 팔고 현찰보유로 금융자본가 시대는 끝이나고 있다는것이로군.,https://twitter.com/jaeheetheme/status/1267896705774571520,0,0,
2020-06-02 12:01:40+00:00,2020-06-02,12:01:40,dailycnc,신한금융 소상공인 온라인시장 진출 지원 박차 ,https://twitter.com/dailycnc/status/1267788472862994432,0,0,
2020-06-02 08:20:28+00:00,2020-06-02,08:20:28,IlIlIIlllIlIlII,"서울메트로 가스공사 하나은행, 신한금융, KB국민은행, IBK투자즈원, 킨텍스 등",https://twitter.com/IlIlIIlllIlIlII/status/1267732802692243457,26,18,
2020-06-02 07:17:29+00:00,2020-06-02,07:17:29,erissue,"신한금융, 소상공인 온라인시장 진출 돕는다 http://www.econovill.com/news/articleView.html?idxno=399203",https://twitter.com/erissue/status/1267716951867977731,0,0,
2020-06-02 05:10:25+00:00,2020-06-02,05:10:25,avoice77547724,신한생명 무료운세 궁합 토정비결 공짜보기 ,https://twitter.com/avoice77547724/status/1267684977820352513,0,0,
2020-06-02 04:32:38+00:00,2020-06-02,04:32:38,ad674,"신한금융, ""가치삽시다 희망으로 같이가게"" 소상공인 온라인 진출 지원 ",https://twitter.com/ad674/status/1267675468267839488,0,0,
2020-06-02 04:23:15+00:00,2020-06-02,04:23:15,Park_Youngsun,"중기부-신한금융, '가치삽시다 희망으로 같이가게' 프로젝트 (머투) - 코로나로 어려움 겪는 백년가게, 청년상인, 소상공인 50개사 기획전 - 신한카드 올댓쇼핑, 네이버 스마트스토어 등 온라인 쇼핑몰 입점도 지원 ",https://twitter.com/Park_Youngsun/status/1267673104932671488,41,87,
2020-06-01 23:15:15+00:00,2020-06-01,23:15:15,hangugbj,유니폼 금감원은 최근 한 달간 신한은행·카드·캐피탈·생명 등 신한금융그룹 계열사를 조사한 결과 총 22건의 특혜채용 정황이 확인됐다고 11일 발표한 바 있다.,https://twitter.com/hangugbj/status/1267595596254162944,0,0,
2020-06-01 14:00:04+00:00,2020-06-01,14:00:04,datacuration1,[정말?]신한생명 무료운세 확인하기 ,https://twitter.com/datacuration1/status/1267455878074007554,0,0,
2020-06-01 10:22:04+00:00,2020-06-01,10:22:04,LogNews0,"신한금융, 인도네시아에 코로나19 진단키트 5천명분 전달 ",https://twitter.com/LogNews0/status/1267401018616102912,0,0,
2020-06-01 07:28:39+00:00,2020-06-01,07:28:39,2Otranso,"신한금융그룹, 인도네시아에 코로나 진단키트 기부",https://twitter.com/2Otranso/status/1267357376098611202,0,0,
2020-06-01 07:28:18+00:00,2020-06-01,07:28:18,2Otranso,"신한금융그룹, 인도네시아에 코로나 진단키트 기부http://yna.kr/AKR20200601053800002?input=tw",https://twitter.com/2Otranso/status/1267357286613127168,0,0,
2020-06-01 06:22:04+00:00,2020-06-01,06:22:04,LogNews0,"신한금융그룹, 인도네시아에 코로나 진단키트 기부 ",https://twitter.com/LogNews0/status/1267340618608504832,0,0,
2020-06-01 06:02:25+00:00,2020-06-01,06:02:25,erissue,"신한금융, 인도네시아에 코로나19 진단키트 5000명분 기부 http://www.econovill.com/news/articleView.html?idxno=398993",https://twitter.com/erissue/status/1267335674937479169,0,0,
2020-06-01 04:11:13+00:00,2020-06-01,04:11:13,cbcnews_,"신한금융그룹, 18일만에 1천만 돌파 … 스타트업 생태계 조성 관심 ",https://twitter.com/cbcnews_/status/1267307690239221760,0,0,
2020-06-01 02:39:26+00:00,2020-06-01,02:39:26,janghoonin,"신한금융, 인니에 코로나19 진단키트 5000명분 기부 - 이투데이 ",https://twitter.com/janghoonin/status/1267284593331167233,0,1,
2020-06-01 01:30:01+00:00,2020-06-01,01:30:01,ad674,"신한금융, ‘신한플러스 멤버십’광고 유튜브 1,000만View 달성 ",https://twitter.com/ad674/status/1267267123253923841,0,0,
2020-06-01 00:44:01+00:00,2020-06-01,00:44:01,ad674,"신한금융그룹, 인도네시아에 코로나19 진단키트 기부 https://newshl.net/p31922",https://twitter.com/ad674/status/1267255546140213248,0,0,
2020-06-01 00:22:32+00:00,2020-06-01,00:22:32,MAGLcuration_Eq,[핫리포트] 성장 가속화 기대주들: * [NAVER] 멤버십과 통장이 불러올 선순환 효과 (대신) * [미스터블루] 웹툰 안정 성장 + 게임사업 진출 성공 (유진) * [카카오] 커머스 성장이 금융서비스 가속화 (신한) 자세히 읽기 ,https://twitter.com/MAGLcuration_Eq/status/1267250139686596608,0,0,
2020-06-01 00:18:43+00:00,2020-06-01,00:18:43,cp2wsyxhgu,"신한금융, 베트남 청년직업훈련센터 1기 수료식",https://twitter.com/cp2wsyxhgu/status/1267249180621201408,0,0,
